dates,region,department,commune,IdpsInd,IdpReturn,ReturnFromOutsideBorder,Refugees,RessortissantPaysTiers
2022-05-30,Diffa,Diffa,Chetimari,951,0,0,230,0
2022-05-30,Diffa,Diffa,Chetimari,133,0,0,150,0
2022-05-30,Diffa,Diffa,Chetimari,267,0,0,50,0
2022-05-30,Diffa,Diffa,Chetimari,0,0,0,2028,0
2022-05-30,Diffa,Diffa,Chetimari,0,0,0,150,0
2022-05-30,Diffa,Diffa,Chetimari,407,150,150,150,0
2022-05-30,Diffa,Maïné Soroa,Maine Soroa,673,0,0,0,0
2022-05-30,Diffa,Diffa,Chetimari,222,420,420,3200,630
2022-05-30,Diffa,Diffa,Chetimari,84,0,0,120,0
2022-05-30,Diffa,Maïné Soroa,Maine Soroa,41,140,140,8,49
2022-05-30,Diffa,Diffa,Chetimari,1088,350,350,112,105
2022-05-30,Diffa,Diffa,Chetimari,404,245,245,36,0
2022-05-30,Diffa,Diffa,Chetimari,677,175,175,40,126
2022-05-30,Diffa,Diffa,Chetimari,60,42,42,8,35
2022-05-30,Diffa,Maïné Soroa,Maine Soroa,140,140,140,24,280
2022-05-30,Diffa,Diffa,Diffa,215,0,0,280,0
2022-05-30,Diffa,Diffa,Diffa,385,0,0,100,0
2022-05-30,Diffa,Diffa,Diffa,0,0,0,1400,0
2022-05-30,Diffa,Diffa,Diffa,287,0,0,80,0
2022-05-30,Diffa,Diffa,Diffa,2703,0,0,1600,140
2022-05-30,Diffa,Diffa,Diffa,162,0,0,200,0
2022-05-30,Diffa,Diffa,Diffa,776,0,0,140,0
2022-05-30,Diffa,Diffa,Diffa,948,0,0,120,0
2022-05-30,Diffa,Diffa,Diffa,675,0,0,400,0
2022-05-30,Diffa,Diffa,Diffa,116,0,0,120,0
2022-05-30,Diffa,Diffa,Diffa,680,0,0,240,0
2022-05-30,Diffa,Diffa,Diffa,80,0,0,200,0
2022-05-30,Diffa,Diffa,Diffa,723,0,0,208,0
2022-05-30,Diffa,Diffa,Diffa,1348,0,0,1000,0
2022-05-30,Diffa,Diffa,Diffa,664,0,0,600,0
2022-05-30,Diffa,Diffa,Diffa,269,0,0,800,0
2022-05-30,Diffa,Maïné Soroa,Maine Soroa,367,0,0,0,0
2022-05-30,Diffa,Maïné Soroa,Foulatari,133,0,0,150,0
2022-05-30,Diffa,Maïné Soroa,Maine Soroa,632,0,0,150,0
2022-05-30,Diffa,Maïné Soroa,Maine Soroa,275,0,0,150,0
2022-05-30,Diffa,Maïné Soroa,Maine Soroa,48,0,0,100,0
2022-05-30,Diffa,Maïné Soroa,Maine Soroa,151,0,0,30,0
2022-05-30,Diffa,Maïné Soroa,Maine Soroa,0,0,0,800,0
2022-05-30,Diffa,Diffa,Chetimari,276,210,210,120,0
2022-05-30,Diffa,Diffa,Chetimari,84,70,70,60,35
2022-05-30,Diffa,Diffa,Chetimari,338,0,0,200,0
2022-05-30,Diffa,Diffa,Chetimari,275,1400,1400,9,0
2022-05-30,Diffa,Diffa,Chetimari,26,0,0,1940,0
2022-05-30,Diffa,Diffa,Chetimari,977,0,0,108,0
2022-05-30,Diffa,Diffa,Chetimari,0,0,0,516,0
2022-05-30,Diffa,Diffa,Chetimari,364,0,0,60,0
2022-05-30,Diffa,Diffa,Chetimari,539,0,0,120,0
2022-05-30,Diffa,Diffa,Chetimari,2162,0,0,1200,0
2022-05-30,Diffa,Maïné Soroa,Maine Soroa,187,0,0,80,0
2022-05-30,Diffa,Maïné Soroa,Maine Soroa,106,0,0,0,0
2022-05-30,Diffa,Maïné Soroa,Maine Soroa,273,0,0,120,0
2022-05-30,Diffa,Diffa,Chetimari,1607,0,0,600,0
2022-05-30,Diffa,Maïné Soroa,Maine Soroa,141,0,0,120,0
2022-05-30,Diffa,Maïné Soroa,Maine Soroa,0,0,0,320,0
2022-05-30,Diffa,Maïné Soroa,Maine Soroa,413,1190,1190,1764,56
2022-05-30,Diffa,Maïné Soroa,Maine Soroa,167,0,0,400,21
2022-05-30,Diffa,Maïné Soroa,Maine Soroa,404,210,210,12,154
2022-05-30,Diffa,Maïné Soroa,Maine Soroa,407,2450,2450,480,0
2022-05-30,Diffa,N'Guigmi,Kabalewa,1078,0,0,0,0
2022-05-30,Diffa,N'Guigmi,Nguigmi,2126,70,70,40,0
2022-05-30,Diffa,N'Guigmi,Nguigmi,2703,0,0,20,0
2022-05-30,Diffa,N'Guigmi,Nguigmi,810,0,0,400,0
2022-05-30,Diffa,N'Guigmi,Nguigmi,1895,0,0,0,0
2022-05-30,Diffa,Maïné Soroa,Maine Soroa,134,210,210,0,105
2022-05-30,Diffa,Maïné Soroa,Foulatari,18,0,0,0,0
2022-05-30,Diffa,Diffa,Chetimari,538,700,700,400,1050
2022-05-30,Diffa,Diffa,Chetimari,113,105,105,60,0
2022-05-30,Diffa,Maïné Soroa,Maine Soroa,107,175,175,280,0
2022-05-30,Diffa,N'Guigmi,Nguigmi,153,0,0,0,0
2022-05-30,Diffa,Diffa,Diffa,862,0,0,312,0
2022-05-30,Diffa,Diffa,Gueskerou,290,0,0,0,0
2022-05-30,Diffa,Diffa,Gueskerou,273,0,0,160,0
2022-05-30,Diffa,Diffa,Gueskerou,675,0,0,0,0
2022-05-30,Diffa,Diffa,Diffa,546,0,0,0,0
2022-05-30,Diffa,Diffa,Diffa,813,0,0,0,0
2022-05-30,Diffa,Diffa,Chetimari,111,0,0,0,0
2022-05-30,Diffa,Diffa,Chetimari,324,0,0,440,0
2022-05-30,Diffa,Maïné Soroa,Maine Soroa,16,0,0,0,0
2022-05-30,Diffa,Maïné Soroa,Maine Soroa,188,0,0,60,0
2022-05-30,Diffa,N'Guigmi,Kabalewa,0,0,0,0,0
2022-05-30,Diffa,N'Guigmi,Kabalewa,322,0,0,0,0
2022-05-30,Diffa,Diffa,Gueskerou,330,0,0,200,0
2022-05-30,Diffa,Diffa,Diffa,0,0,0,92,0
2022-05-30,Diffa,Diffa,Gueskerou,270,0,0,120,0
2022-05-30,Diffa,Diffa,Gueskerou,275,0,0,120,0
2022-05-30,Diffa,Diffa,Chetimari,188,0,0,160,0
2022-05-30,Diffa,Maïné Soroa,Maine Soroa,13,0,0,61,0
2022-05-30,Diffa,Diffa,Chetimari,322,0,0,30,0
2022-05-30,Diffa,Diffa,Diffa,113,0,0,80,0
2022-05-30,Diffa,Diffa,Diffa,0,0,0,1712,0
2022-05-30,Diffa,Diffa,Diffa,2632,0,0,0,0
2022-05-30,Diffa,Diffa,Diffa,0,0,0,360,0
2022-05-30,Diffa,Diffa,Diffa,0,0,0,1104,0
2022-05-30,Diffa,Diffa,Diffa,0,0,0,119,0
2022-05-30,Diffa,Diffa,Diffa,0,0,0,256,0
2022-05-30,Diffa,Diffa,Gueskerou,141,0,0,0,0
2022-05-30,Diffa,Diffa,Gueskerou,362,0,0,0,0
2022-05-30,Diffa,Diffa,Gueskerou,216,0,0,0,0
2022-05-30,Diffa,Diffa,Gueskerou,189,0,0,0,0
2022-05-30,Diffa,Diffa,Gueskerou,812,0,0,0,0
2022-05-30,Diffa,Diffa,Diffa,215,0,0,480,0
2022-05-30,Diffa,Diffa,Diffa,0,0,0,1000,0
2022-05-30,Diffa,Diffa,Gueskerou,1491,0,0,200,0
2022-05-30,Diffa,Diffa,Diffa,154,0,0,460,0
2022-05-30,Diffa,N'Guigmi,Kabalewa,10718,1400,1400,400,483
2022-05-30,Diffa,N'Guigmi,Nguigmi,326,700,700,2356,490
2022-05-30,Diffa,N'Guigmi,Kabalewa,811,0,0,0,0
2022-05-30,Diffa,Diffa,Gueskerou,162,0,0,240,0
2022-05-30,Diffa,Diffa,Diffa,0,0,0,2000,0
2022-05-30,Diffa,Diffa,Diffa,809,0,0,2500,0
2022-05-30,Diffa,N'Guigmi,Kabalewa,812,0,0,0,0
2022-05-30,Diffa,N'Guigmi,Kabalewa,268,0,0,0,0
2022-05-30,Diffa,N'Guigmi,Kabalewa,276,0,0,0,0
2022-05-30,Diffa,Diffa,Diffa,219,0,0,400,0
2022-05-30,Diffa,Diffa,Gueskerou,4050,350,350,0,0
2022-05-30,Diffa,Diffa,Gueskerou,410,0,0,0,0
2022-05-30,Diffa,Diffa,Gueskerou,1349,0,0,0,0
2022-05-30,Diffa,Diffa,Gueskerou,326,0,0,2000,0
2022-05-30,Diffa,Diffa,Diffa,133,700,700,720,0
2022-05-30,Diffa,Diffa,Diffa,221,140,140,160,0
2022-05-30,Diffa,Diffa,Diffa,269,0,0,1000,0
2022-05-30,Diffa,Diffa,Diffa,164,350,350,800,0
2022-05-30,Diffa,Bosso,Bosso,538,350,350,2000,350
2022-05-30,Diffa,Bosso,Bosso,411,0,0,120,0
2022-05-30,Diffa,Bosso,Bosso,273,70,70,280,0
2022-05-30,Diffa,N'Guigmi,Kabalewa,405,0,0,0,0
2022-05-30,Diffa,Diffa,Diffa,411,0,0,100,0
2022-05-30,Diffa,Diffa,Diffa,813,0,0,200,0
2022-05-30,Diffa,Diffa,Gueskerou,43,0,0,0,0
2022-05-30,Diffa,N'Guigmi,Kabalewa,0,140,140,0,0
2022-05-30,Diffa,N'Guigmi,Nguigmi,547,0,0,0,0
2022-05-30,Diffa,N'Guigmi,Nguigmi,677,0,0,0,0
2022-05-30,Diffa,N'Guigmi,Nguigmi,538,0,0,400,0
2022-05-30,Diffa,N'Guigmi,Nguigmi,681,0,0,0,0
2022-05-30,Diffa,N'Guigmi,Nguigmi,206,0,0,0,0
2022-05-30,Diffa,N'Guigmi,Kabalewa,810,0,0,0,0
2022-05-30,Diffa,N'Guigmi,Kabalewa,1355,1400,1400,1000,0
2022-05-30,Diffa,Diffa,Gueskerou,1174,0,0,560,0
2022-05-30,Diffa,Diffa,Diffa,812,0,0,1600,0
2022-05-30,Diffa,Diffa,Diffa,538,0,0,200,0
2022-05-30,Diffa,Diffa,Diffa,410,0,0,400,0
2022-05-30,Diffa,Diffa,Diffa,1079,0,0,1200,0
2022-05-30,Diffa,Diffa,Diffa,542,0,0,400,0
2022-05-30,Diffa,Diffa,Diffa,2698,0,0,12000,0
2022-05-30,Diffa,Diffa,Diffa,546,0,0,80,0
2022-05-30,Diffa,Maïné Soroa,Maine Soroa,30,1050,1050,0,0
2022-05-30,Diffa,Bosso,Bosso,0,525,525,1200,210
2022-05-30,Diffa,Diffa,Diffa,816,0,0,1200,0
2022-05-30,Diffa,Diffa,Diffa,1083,0,0,200,0
2022-05-30,Diffa,Maïné Soroa,Maine Soroa,84,0,0,0,0
2022-05-30,Diffa,Diffa,Chetimari,1636,0,0,120,0
2022-05-30,Diffa,Diffa,Chetimari,316,0,0,100,0
2022-05-30,Diffa,Bosso,Toumour,12149,7000,7000,6000,210
2022-05-30,Diffa,Bosso,Bosso,947,0,0,280,105
2022-05-30,Diffa,Maïné Soroa,Maine Soroa,376,0,0,12,0
2022-05-30,Diffa,Diffa,Gueskerou,65,0,0,0,0
2022-05-30,Diffa,Diffa,Diffa,408,0,0,0,0
2022-05-30,Diffa,Diffa,Gueskerou,1080,0,0,1200,0
2022-05-30,Diffa,Diffa,Diffa,302,21,21,28,0
2022-05-30,Diffa,Diffa,Gueskerou,269,140,140,720,0
2022-05-30,Diffa,N'Guigmi,Nguigmi,3242,0,0,0,0
2022-05-30,Diffa,N'Guigmi,Nguigmi,1618,0,0,544,0
2022-05-30,Diffa,N'Guigmi,Nguigmi,1625,2100,2100,2400,0
2022-05-30,Diffa,N'Guigmi,Kabalewa,925,0,0,0,0
2022-05-30,Diffa,Diffa,Gueskerou,812,0,0,200,0
2022-05-30,Diffa,N'Guigmi,Nguigmi,538,0,0,0,0
2022-05-30,Diffa,N'Guigmi,Nguigmi,411,0,0,0,0
2022-05-30,Diffa,Maïné Soroa,Maine Soroa,408,490,490,700,84
2022-05-30,Diffa,N'Guigmi,Nguigmi,270,0,0,0,0
2022-05-30,Diffa,N'Guigmi,Kabalewa,411,0,0,0,0
2022-05-30,Diffa,Diffa,Diffa,1623,0,0,6000,0
2022-05-30,Diffa,Diffa,Diffa,810,0,0,0,0
2022-05-30,Diffa,Bosso,Bosso,0,8029,8029,40,0
2022-05-30,Diffa,Maïné Soroa,Maine Soroa,1625,420,420,240,35
2022-05-30,Diffa,Diffa,Chetimari,202,350,350,504,0
2022-05-30,Diffa,Diffa,Diffa,115,490,490,20,35
2022-05-30,Diffa,Diffa,Gueskerou,110,2220,2220,250,0
2022-05-30,Diffa,Diffa,Diffa,299,140,140,80,0
2022-05-30,Diffa,Bosso,Bosso,1082,0,0,800,3500
2022-05-30,Diffa,Diffa,Gueskerou,808,0,0,600,0
2022-05-30,Maradi,Guidan Roumdji,Guidan Roumdji,0,0,0,147,0
2022-05-30,Maradi,Guidan Roumdji,Guidan Roumdji,0,420,420,245,0
2022-05-30,Maradi,Guidan Roumdji,Guidan Roumdji,70,0,0,98,0
2022-05-30,Maradi,Guidan Roumdji,Guidan Sori,175,0,0,203,0
2022-05-30,Maradi,Guidan Roumdji,Guidan Roumdji,280,245,245,210,0
2022-05-30,Maradi,Guidan Roumdji,Guidan Roumdji,21,0,0,210,0
2022-05-30,Maradi,Guidan Roumdji,Guidan Roumdji,0,0,0,140,0
2022-05-30,Maradi,Guidan Roumdji,Guidan Roumdji,91,0,0,339,0
2022-05-30,Maradi,Guidan Roumdji,Guidan Roumdji,0,0,0,21,0
2022-05-30,Maradi,Guidan Roumdji,Tibiri,77,0,0,91,0
2022-05-30,Maradi,Guidan Roumdji,Tibiri,28,0,0,70,0
2022-05-30,Maradi,Guidan Roumdji,Tibiri,245,0,0,0,0
2022-05-30,Maradi,Madarounfa,Gabi,21,0,0,280,0
2022-05-30,Maradi,Madarounfa,Gabi,63,412,412,210,0
2022-05-30,Maradi,Madarounfa,Gabi,14,0,0,116,0
2022-05-30,Maradi,Madarounfa,Gabi,0,0,0,105,0
2022-05-30,Maradi,Madarounfa,Gabi,100,0,0,1412,0
2022-05-30,Maradi,Madarounfa,Gabi,518,0,0,938,0
2022-05-30,Maradi,Madarounfa,Gabi,0,0,0,130,0
2022-05-30,Maradi,Madarounfa,Gabi,162,0,0,337,0
2022-05-30,Maradi,Madarounfa,Gabi,420,0,0,105,0
2022-05-30,Maradi,Madarounfa,Gabi,200,105,105,1,0
2022-05-30,Maradi,Madarounfa,Gabi,42,0,0,0,0
2022-05-30,Maradi,Madarounfa,Gabi,67,0,0,0,0
2022-05-30,Maradi,Madarounfa,Gabi,0,0,0,17,0
2022-05-30,Maradi,Madarounfa,Gabi,35,0,0,251,0
2022-05-30,Maradi,Madarounfa,Gabi,350,0,0,375,0
2022-05-30,Maradi,Madarounfa,Gabi,63,0,0,105,0
2022-05-30,Maradi,Madarounfa,Gabi,700,0,0,128,0
2022-05-30,Maradi,Madarounfa,Gabi,50,0,0,539,0
2022-05-30,Maradi,Madarounfa,Gabi,0,0,0,210,0
2022-05-30,Maradi,Madarounfa,Gabi,105,0,0,70,0
2022-05-30,Maradi,Madarounfa,Gabi,70,1400,1400,35,0
2022-05-30,Maradi,Madarounfa,Gabi,35,0,0,2100,0
2022-05-30,Maradi,Madarounfa,Gabi,259,0,0,329,0
2022-05-30,Maradi,Madarounfa,Gabi,0,0,0,5,0
2022-05-30,Maradi,Madarounfa,Gabi,120,140,140,820,0
2022-05-30,Maradi,Madarounfa,Gabi,91,0,0,7,0
2022-05-30,Maradi,Madarounfa,Gabi,385,0,0,20,0
2022-05-30,Maradi,Madarounfa,Gabi,210,0,0,49,0
2022-05-30,Maradi,Guidan Roumdji,Guidan Roumdji,181,0,0,1281,175
2022-05-30,Maradi,Guidan Roumdji,Guidan Roumdji,0,0,0,1245,0
2022-05-30,Maradi,Guidan Roumdji,Guidan Roumdji,140,0,0,160,0
2022-05-30,Maradi,Guidan Roumdji,Guidan Sori,98,14,14,8,0
2022-05-30,Maradi,Guidan Roumdji,Tibiri,567,0,0,1025,0
2022-05-30,Maradi,Guidan Roumdji,Tibiri,210,315,315,140,0
2022-05-30,Maradi,Guidan Roumdji,Tibiri,35,0,0,10,30
2022-05-30,Maradi,Guidan Roumdji,Guidan Roumdji,68,0,0,150,0
2022-05-30,Maradi,Guidan Roumdji,Guidan Roumdji,8,0,0,60,0
2022-05-30,Maradi,Guidan Roumdji,Guidan Roumdji,105,0,0,140,0
2022-05-30,Maradi,Guidan Roumdji,Guidan Sori,0,0,0,49,0
2022-05-30,Maradi,Guidan Roumdji,Guidan Sori,0,0,0,49,0
2022-05-30,Maradi,Guidan Roumdji,Tibiri,147,0,0,0,0
2022-05-30,Maradi,Guidan Roumdji,Guidan Roumdji,399,0,0,182,0
2022-05-30,Maradi,Guidan Roumdji,Guidan Roumdji,490,0,0,840,0
2022-05-30,Maradi,Guidan Roumdji,Guidan Roumdji,0,0,0,60,0
2022-05-30,Maradi,Guidan Roumdji,Guidan Roumdji,245,0,0,0,0
2022-05-30,Maradi,Guidan Roumdji,Guidan Roumdji,371,0,0,0,0
2022-05-30,Maradi,Guidan Roumdji,Guidan Roumdji,210,0,0,247,0
2022-05-30,Maradi,Guidan Roumdji,Guidan Roumdji,210,0,0,70,0
2022-05-30,Maradi,Guidan Roumdji,Guidan Roumdji,420,0,0,0,0
2022-05-30,Maradi,Guidan Roumdji,Guidan Roumdji,280,0,0,0,0
2022-05-30,Maradi,Guidan Roumdji,Guidan Roumdji,1890,0,0,0,0
2022-05-30,Maradi,Guidan Roumdji,Tibiri,700,0,0,0,0
2022-05-30,Maradi,Guidan Roumdji,Tibiri,315,0,0,0,0
2022-05-30,Maradi,Guidan Roumdji,Tibiri,70,0,0,0,0
2022-05-30,Maradi,Guidan Roumdji,Tibiri,140,0,0,210,0
2022-05-30,Maradi,Guidan Roumdji,Tibiri,350,0,0,175,0
2022-05-30,Maradi,Madarounfa,Sarkin Yamma,280,0,0,0,0
2022-05-30,Maradi,Madarounfa,Sarkin Yamma,280,0,0,0,0
2022-05-30,Maradi,Guidan Roumdji,Guidan Sori,280,0,0,0,0
2022-05-30,Maradi,Madarounfa,Safo,7,0,0,0,0
2022-05-30,Maradi,Madarounfa,Safo,140,0,0,0,0
2022-05-30,Maradi,Madarounfa,Dan Issa,56,0,0,1050,0
2022-05-30,Maradi,Madarounfa,Madarounfa,300,0,0,14,0
2022-05-30,Maradi,Madarounfa,Madarounfa,854,0,0,49,0
2022-05-30,Maradi,Madarounfa,Madarounfa,0,0,0,0,0
2022-05-30,Maradi,Madarounfa,Dan Issa,0,0,0,147,0
2022-05-30,Maradi,Madarounfa,Sarkin Yamma,700,0,0,0,0
2022-05-30,Maradi,Guidan Roumdji,Tibiri,364,0,0,0,0
2022-05-30,Maradi,Guidan Roumdji,Tibiri,56,0,0,63,0
2022-05-30,Maradi,Guidan Roumdji,Tibiri,30,0,0,28,0
2022-05-30,Maradi,Guidan Roumdji,Tibiri,70,0,0,2100,0
2022-05-30,Maradi,Madarounfa,Sarkin Yamma,350,70,70,0,0
2022-05-30,Maradi,Madarounfa,Safo,245,0,0,0,0
2022-05-30,Maradi,Madarounfa,Dan Issa,0,0,0,350,0
2022-05-30,Maradi,Madarounfa,Dan Issa,0,0,0,420,0
2022-05-30,Maradi,Madarounfa,Djirataoua,0,0,0,21,0
2022-05-30,Maradi,Madarounfa,Madarounfa,413,0,0,98,0
2022-05-30,Maradi,Madarounfa,Madarounfa,26,0,0,1440,0
2022-05-30,Maradi,Madarounfa,Madarounfa,140,0,0,21,0
2022-05-30,Maradi,Madarounfa,Madarounfa,0,0,0,0,0
2022-05-30,Maradi,Guidan Roumdji,Guidan Roumdji,0,0,0,140,0
2022-05-30,Maradi,Guidan Roumdji,Guidan Sori,315,0,0,1050,0
2022-05-30,Maradi,Madarounfa,Sarkin Yamma,245,0,0,0,0
2022-05-30,Maradi,Madarounfa,Safo,1120,4900,4900,8,0
2022-05-30,Maradi,Madarounfa,Madarounfa,56,0,0,42,0
2022-05-30,Maradi,Madarounfa,Gabi,84,0,0,490,0
2022-05-30,Maradi,Madarounfa,Gabi,0,140,140,91,0
2022-05-30,Maradi,Madarounfa,Gabi,35,0,0,35,0
2022-05-30,Maradi,Madarounfa,Safo,0,0,0,14,0
2022-05-30,Maradi,Madarounfa,Dan Issa,0,0,0,49,0
2022-05-30,Maradi,Madarounfa,Gabi,287,0,0,148,0
2022-05-30,Maradi,Madarounfa,Madarounfa,0,0,0,490,0
2022-05-30,Maradi,Madarounfa,Madarounfa,42,0,0,57,0
2022-05-30,Maradi,Madarounfa,Gabi,150,0,0,800,0
2022-05-30,Maradi,Madarounfa,Gabi,45,0,0,4,0
2022-05-30,Maradi,Madarounfa,Gabi,112,0,0,0,0
2022-05-30,Maradi,Madarounfa,Safo,350,350,350,450,0
2022-05-30,Maradi,Madarounfa,Gabi,70,15,15,805,0
2022-05-30,Maradi,Madarounfa,Sarkin Yamma,280,0,0,0,0
2022-05-30,Tahoua,Tassara,Tassara,939,0,0,0,0
2022-05-30,Tahoua,Tassara,Tassara,5475,0,0,0,0
2022-05-30,Tahoua,Tassara,Tassara,6406,0,0,0,0
2022-05-30,Tahoua,Tassara,Tassara,450,0,0,0,0
2022-05-30,Tahoua,Tillia,Tillia,1820,0,0,350,0
2022-05-30,Tahoua,Tillia,Tillia,350,0,0,140,0
2022-05-30,Tahoua,Tillia,Tillia,700,0,0,0,0
2022-05-30,Tahoua,Tillia,Tillia,2800,980,980,0,0
2022-05-30,Tahoua,Tillia,Tillia,0,84,84,0,0
2022-05-30,Tahoua,Tillia,Tillia,350,350,350,0,0
2022-05-30,Tahoua,Tillia,Tillia,13785,0,0,9626,0
2022-05-30,Tahoua,Tillia,Tillia,840,0,0,1001,0
2022-05-30,Tahoua,Tillia,Tillia,1050,350,350,0,0
2022-05-30,Tahoua,Tillia,Tillia,700,350,350,0,0
2022-05-30,Tahoua,Madaoua,Bangui,0,0,0,600,0
2022-05-30,Tahoua,Madaoua,Bangui,280,0,0,700,0
2022-05-30,Tahoua,Madaoua,Bangui,0,238,238,168,168
2022-05-30,Tahoua,Bagaroua,Bagaroua,184,0,0,0,0
2022-05-30,Tahoua,Bagaroua,Bagaroua,296,320,320,0,0
2022-05-30,Tahoua,Bagaroua,Bagaroua,0,11,11,37,0
2022-05-30,Tahoua,Bagaroua,Bagaroua,0,0,0,140,0
2022-05-30,Tahoua,Bagaroua,Bagaroua,41,6,6,42,0
2022-05-30,Tahoua,Madaoua,Bangui,199,21,21,593,8
2022-05-30,Tahoua,Madaoua,Bangui,259,85,85,315,210
2022-05-30,Tahoua,Madaoua,Bangui,0,0,0,497,0
2022-05-30,Tahoua,Madaoua,Bangui,0,0,0,280,0
2022-05-30,Tahoua,Madaoua,Bangui,0,0,0,196,0
2022-05-30,Tahoua,Madaoua,Bangui,0,105,105,0,0
2022-05-30,Tahoua,Madaoua,Bangui,0,0,0,175,0
2022-05-30,Tahoua,Madaoua,Bangui,150,0,0,280,0
2022-05-30,Tahoua,Madaoua,Bangui,210,0,0,420,0
2022-05-30,Tahoua,Bagaroua,Bagaroua,420,0,0,0,0
2022-05-30,Tahoua,Bagaroua,Bagaroua,525,0,0,0,0
2022-05-30,Tahoua,Bagaroua,Bagaroua,308,0,0,0,0
2022-05-30,Tahoua,Bagaroua,Bagaroua,0,0,0,107,0
2022-05-30,Tahoua,Bagaroua,Bagaroua,0,0,0,63,0
2022-05-30,Tahoua,Bagaroua,Bagaroua,0,0,0,47,0
2022-05-30,Tahoua,Bagaroua,Bagaroua,161,0,0,0,0
2022-05-30,Tahoua,Bagaroua,Bagaroua,0,0,0,105,0
2022-05-30,Tahoua,Bagaroua,Bagaroua,280,0,0,0,0
2022-05-30,Tahoua,Bagaroua,Bagaroua,0,0,0,14,0
2022-05-30,Tahoua,Bagaroua,Bagaroua,1470,0,0,0,0
2022-05-30,Tahoua,Madaoua,Bangui,175,0,0,91,0
2022-05-30,Tahoua,Madaoua,Bangui,1750,105,105,630,35
2022-05-30,Tillabéri,Ouallam,Tondikiwindi,11747,0,0,0,0
2022-05-30,Tillabéri,Ouallam,Tondikiwindi,614,0,0,0,0
2022-05-30,Tillabéri,Tillabéri,Dessa,470,0,0,0,0
2022-05-30,Tillabéri,Tillabéri,Dessa,20467,0,0,0,0
2022-05-30,Tillabéri,Tillabéri,Dessa,1003,0,0,0,0
2022-05-30,Tillabéri,Tillabéri,Dessa,1275,0,0,0,0
2022-05-30,Tillabéri,Tillabéri,Dessa,354,0,0,0,0
2022-05-30,Tillabéri,Tillabéri,Sakoira,413,0,0,0,0
2022-05-30,Tillabéri,Tillabéri,Sakoira,732,0,0,0,0
2022-05-30,Tillabéri,Tillabéri,Tillaberi,1075,0,0,0,0
2022-05-30,Tillabéri,Téra,Tera,2420,0,0,0,0
2022-05-30,Tillabéri,Téra,Tera,1096,0,0,0,0
2022-05-30,Tillabéri,Téra,Tera,1024,0,0,0,0
2022-05-30,Tillabéri,Téra,Diagorou,1848,0,0,0,0
2022-05-30,Tillabéri,Téra,Tera,876,0,0,0,0
2022-05-30,Tillabéri,Téra,Tera,900,0,0,0,0
2022-05-30,Tillabéri,Téra,Tera,886,0,0,0,0
2022-05-30,Tillabéri,Téra,Tera,499,0,0,0,0
2022-05-30,Tillabéri,Téra,Tera,307,192,192,0,0
2022-05-30,Tillabéri,Ayerou,Ayorou,825,0,0,0,0
2022-05-30,Tillabéri,Ouallam,Tondikiwindi,413,0,0,0,0
2022-05-30,Tillabéri,Banibangou,Banibangou,187,0,0,0,0
2022-05-30,Tillabéri,Banibangou,Banibangou,517,0,0,0,0
2022-05-30,Tillabéri,Banibangou,Banibangou,1590,0,0,0,0
2022-05-30,Tillabéri,Ayerou,Ayorou,8888,0,0,0,0
2022-05-30,Tillabéri,Ayerou,Ayorou,3773,0,0,0,0
2022-05-30,Tillabéri,Tillabéri,Sakoira,2475,0,0,0,0
2022-05-30,Tillabéri,Tillabéri,Tillaberi,556,0,0,0,0
2022-05-30,Tillabéri,Tillabéri,Dessa,732,0,0,0,0
2022-05-30,Tillabéri,Tillabéri,Dessa,1100,0,0,0,0
2022-05-30,Tillabéri,Tillabéri,Sakoira,902,0,0,0,0
2022-05-30,Tillabéri,Bankilaré,Bankilare,1149,0,0,136,0
2022-05-30,Tillabéri,Bankilaré,Bankilare,121,0,0,377,0
2022-05-30,Tillabéri,Ouallam,Ouallam,7321,0,0,0,0
2022-05-30,Tillabéri,Gothèye,Gotheye,1067,0,0,0,0
2022-05-30,Tillabéri,Banibangou,Banibangou,347,0,0,0,0
2022-05-30,Tillabéri,Banibangou,Banibangou,2750,0,0,0,0
2022-05-30,Tillabéri,Banibangou,Banibangou,5781,0,0,0,0
2022-05-30,Tillabéri,Gothèye,Gotheye,165,0,0,0,0
2022-05-30,Tillabéri,Balleyara,Tagazar,985,1372,1372,0,0
2022-05-30,Tillabéri,Balleyara,Tagazar,715,0,0,0,0
2022-05-30,Tillabéri,Balleyara,Tagazar,913,0,0,70,0
2022-05-30,Tillabéri,Balleyara,Tagazar,440,0,0,0,0
2022-05-30,Tillabéri,Balleyara,Tagazar,369,0,0,0,0
2022-05-30,Tillabéri,Balleyara,Tagazar,605,0,0,0,0
2022-05-30,Tillabéri,Balleyara,Tagazar,215,0,0,0,0
2022-05-30,Tillabéri,Balleyara,Tagazar,314,0,0,0,0
2022-05-30,Tillabéri,Torodi,Makalondi,708,0,0,0,0
2022-05-30,Tillabéri,Torodi,Torodi,1155,1148,1148,0,56
2022-05-30,Tillabéri,Torodi,Makalondi,118,91,91,0,0
2022-05-30,Tillabéri,Torodi,Torodi,6200,1400,1400,350,105
2022-05-30,Tillabéri,Torodi,Makalondi,1200,0,0,0,0
2022-05-30,Tillabéri,Torodi,Makalondi,223,7,7,0,21
2022-05-30,Tillabéri,Torodi,Makalondi,775,140,140,42,441
2022-05-30,Tillabéri,Torodi,Torodi,230,0,0,0,0
2022-05-30,Tillabéri,Abala,Abala,595,0,0,0,0
2022-05-30,Tillabéri,Abala,Abala,2003,0,0,0,0
2022-05-30,Tillabéri,Abala,Abala,930,0,0,0,119
2022-05-30,Tillabéri,Abala,Abala,2016,0,0,0,0
2022-05-30,Tillabéri,Abala,Abala,1240,0,0,0,0
2022-05-30,Tillabéri,Abala,Abala,384,0,0,0,0
2022-05-30,Tillabéri,Abala,Abala,1172,0,0,0,560
2022-05-30,Tillabéri,Abala,Abala,471,0,0,0,0
2022-05-30,Tillabéri,Abala,Abala,298,0,0,0,0
2022-05-30,Tillabéri,Abala,Abala,1426,0,0,0,0
2022-05-30,Tillabéri,Abala,Abala,744,0,0,0,0
2022-05-30,Tillabéri,Abala,Abala,341,0,0,0,0
2022-05-30,Tillabéri,Abala,Abala,453,0,0,0,0
2022-05-30,Tillabéri,Abala,Abala,0,0,0,0,0
2022-05-30,Tillabéri,Abala,Abala,0,0,0,0,0
2022-05-30,Tillabéri,Abala,Abala,0,0,0,0,210
2022-05-30,Tillabéri,Abala,Abala,0,0,0,0,0
2022-05-30,Tillabéri,Abala,Sanam,4427,0,0,0,0
2022-05-30,Tillabéri,Abala,Sanam,1953,0,0,0,0
2022-09-30,Diffa,Bosso,Toumour,0,700,,,
2022-09-30,Diffa,Bosso,Toumour,168,0,,,
2022-09-30,Diffa,Bosso,Toumour,210,0,,,
2022-09-30,Diffa,Bosso,Toumour,126,0,,,
2022-09-30,Diffa,Bosso,Toumour,0,0,,,
2022-09-30,Diffa,Bosso,Toumour,210,0,,,
2022-09-30,Diffa,Bosso,Toumour,84,0,,,
2022-09-30,Diffa,Bosso,Bosso,210,0,,,
2022-09-30,Diffa,Bosso,Bosso,210,1345,,,
2022-09-30,Diffa,Bosso,Bosso,630,0,,,
2022-09-30,Diffa,Bosso,Bosso,168,0,,,
2022-09-30,Diffa,Bosso,Bosso,546,0,,,
2022-09-30,Diffa,Bosso,Bosso,126,0,,,
2022-09-30,Diffa,Bosso,Bosso,1470,0,,,
2022-09-30,Diffa,Bosso,Bosso,0,40,,,
2022-09-30,Diffa,Bosso,Bosso,126,0,,,
2022-09-30,Diffa,Bosso,Bosso,0,0,,,
2022-09-30,Diffa,Bosso,Bosso,126,0,,,
2022-09-30,Diffa,Bosso,Bosso,210,0,,,
2022-09-30,Diffa,Bosso,Bosso,840,0,,,
2022-09-30,Diffa,Bosso,Bosso,273,0,,,
2022-09-30,Diffa,Bosso,Bosso,420,75,,,
2022-09-30,Diffa,Bosso,Bosso,0,0,,,
2022-09-30,Diffa,Bosso,Bosso,0,0,,,
2022-09-30,Diffa,Bosso,Toumour,210,0,,,
2022-09-30,Diffa,Bosso,Toumour,126,0,,,
2022-09-30,Diffa,Bosso,Toumour,84,0,,,
2022-09-30,Diffa,Bosso,Toumour,84,0,,,
2022-09-30,Diffa,Bosso,Toumour,1680,0,,,
2022-09-30,Diffa,Bosso,Toumour,756,0,,,
2022-09-30,Diffa,Bosso,Toumour,294,0,,,
2022-09-30,Diffa,Bosso,Toumour,210,0,,,
2022-09-30,Diffa,Bosso,Toumour,420,0,,,
2022-09-30,Diffa,Bosso,Toumour,126,0,,,
2022-09-30,Diffa,Bosso,Toumour,672,0,,,
2022-09-30,Diffa,Bosso,Toumour,504,0,,,
2022-09-30,Diffa,Bosso,Toumour,0,0,,,
2022-09-30,Diffa,Bosso,Toumour,546,0,,,
2022-09-30,Diffa,Bosso,Toumour,630,0,,,
2022-09-30,Diffa,Bosso,Toumour,840,0,,,
2022-09-30,Diffa,Diffa,Diffa,328,0,,,
2022-09-30,Diffa,Diffa,Diffa,239,0,,,
2022-09-30,Diffa,Diffa,Diffa,487,0,,,
2022-09-30,Diffa,Diffa,Diffa,328,0,,,
2022-09-30,Diffa,Diffa,Diffa,1449,0,,,
2022-09-30,Diffa,Diffa,Diffa,433,0,,,
2022-09-30,Diffa,Diffa,Diffa,907,0,,,
2022-09-30,Diffa,Diffa,Diffa,218,0,,,
2022-09-30,Diffa,Diffa,Diffa,916,0,,,
2022-09-30,Diffa,Diffa,Diffa,987,0,,,
2022-09-30,Diffa,Diffa,Diffa,252,0,,,
2022-09-30,Diffa,Diffa,Diffa,722,0,,,
2022-09-30,Diffa,Diffa,Diffa,979,0,,,
2022-09-30,Diffa,Diffa,Diffa,542,0,,,
2022-09-30,Diffa,Diffa,Diffa,181,0,,,
2022-09-30,Diffa,Diffa,Diffa,907,0,,,
2022-09-30,Diffa,Diffa,Diffa,659,0,,,
2022-09-30,Diffa,Diffa,Diffa,0,0,,,
2022-09-30,Diffa,Diffa,Diffa,0,0,,,
2022-09-30,Diffa,Diffa,Diffa,622,0,,,
2022-09-30,Diffa,Diffa,Diffa,529,0,,,
2022-09-30,Diffa,Diffa,Diffa,71,0,,,
2022-09-30,Diffa,Diffa,Diffa,722,0,,,
2022-09-30,Diffa,Diffa,Diffa,433,0,,,
2022-09-30,Diffa,Diffa,Diffa,1021,0,,,
2022-09-30,Diffa,Diffa,Diffa,1814,0,,,
2022-09-30,Diffa,Diffa,Diffa,0,0,,,
2022-09-30,Diffa,Diffa,Diffa,361,0,,,
2022-09-30,Diffa,Diffa,Diffa,916,300,,,
2022-09-30,Diffa,Diffa,Diffa,722,0,,,
2022-09-30,Diffa,Diffa,Diffa,307,0,,,
2022-09-30,Diffa,Diffa,Diffa,542,0,,,
2022-09-30,Diffa,Diffa,Diffa,0,0,,,
2022-09-30,Diffa,Diffa,Diffa,0,0,,,
2022-09-30,Diffa,Diffa,Diffa,181,0,,,
2022-09-30,Diffa,Diffa,Diffa,361,0,,,
2022-09-30,Diffa,Diffa,Diffa,0,0,,,
2022-09-30,Diffa,Diffa,Diffa,592,13,,,
2022-09-30,Diffa,Diffa,Diffa,361,0,,,
2022-09-30,Diffa,Diffa,Diffa,290,0,,,
2022-09-30,Diffa,Diffa,Diffa,1848,85,,,
2022-09-30,Diffa,Diffa,Diffa,109,32,,,
2022-09-30,Diffa,Diffa,Diffa,8,1,,,
2022-09-30,Diffa,Diffa,Diffa,181,65,,,
2022-09-30,Diffa,Diffa,Diffa,722,150,,,
2022-09-30,Diffa,Diffa,Diffa,218,85,,,
2022-09-30,Diffa,Diffa,Diffa,290,20,,,
2022-09-30,Diffa,Diffa,Diffa,2029,0,,,
2022-09-30,Diffa,Diffa,Diffa,0,0,,,
2022-09-30,Diffa,Diffa,Diffa,0,0,,,
2022-09-30,Diffa,Diffa,Diffa,651,0,,,
2022-09-30,Diffa,Diffa,Diffa,979,0,,,
2022-09-30,Diffa,Diffa,Diffa,2008,0,,,
2022-09-30,Diffa,Diffa,Diffa,2533,75,,,
2022-09-30,Diffa,Diffa,Diffa,361,75,,,
2022-09-30,Diffa,Diffa,Diffa,1810,0,,,
2022-09-30,Diffa,Diffa,Diffa,542,0,,,
2022-09-30,Diffa,Diffa,Gueskerou,0,0,,,
2022-09-30,Diffa,Diffa,Gueskerou,361,0,,,
2022-09-30,Diffa,Diffa,Diffa,0,0,,,
2022-09-30,Diffa,Diffa,Gueskerou,542,50,,,
2022-09-30,Diffa,Diffa,Gueskerou,88,0,,,
2022-09-30,Diffa,Diffa,Gueskerou,361,0,,,
2022-09-30,Diffa,Diffa,Gueskerou,71,0,,,
2022-09-30,Diffa,Diffa,Gueskerou,0,0,,,
2022-09-30,Diffa,Diffa,Gueskerou,542,0,,,
2022-09-30,Diffa,Diffa,Gueskerou,252,0,,,
2022-09-30,Diffa,Diffa,Gueskerou,38,0,,,
2022-09-30,Diffa,Diffa,Gueskerou,361,0,,,
2022-09-30,Diffa,Diffa,Gueskerou,844,0,,,
2022-09-30,Diffa,Diffa,Gueskerou,126,0,,,
2022-09-30,Diffa,Diffa,Gueskerou,542,0,,,
2022-09-30,Diffa,Diffa,Gueskerou,433,0,,,
2022-09-30,Diffa,Diffa,Gueskerou,1701,0,,,
2022-09-30,Diffa,Diffa,Gueskerou,596,0,,,
2022-09-30,Diffa,Diffa,Chetimari,542,0,,,
2022-09-30,Diffa,Diffa,Chetimari,143,0,,,
2022-09-30,Diffa,Diffa,Chetimari,109,0,,,
2022-09-30,Diffa,Diffa,Chetimari,1378,0,,,
2022-09-30,Diffa,Diffa,Chetimari,55,0,,,
2022-09-30,Diffa,Diffa,Chetimari,290,0,,,
2022-09-30,Diffa,Diffa,Chetimari,722,0,,,
2022-09-30,Diffa,Diffa,Chetimari,34,0,,,
2022-09-30,Diffa,Diffa,Chetimari,2171,0,,,
2022-09-30,Diffa,Diffa,Chetimari,361,0,,,
2022-09-30,Diffa,Diffa,Chetimari,218,0,,,
2022-09-30,Diffa,Diffa,Chetimari,361,0,,,
2022-09-30,Diffa,Diffa,Chetimari,38,0,,,
2022-09-30,Diffa,Diffa,Chetimari,38,0,,,
2022-09-30,Diffa,Diffa,Chetimari,71,0,,,
2022-09-30,Diffa,Diffa,Chetimari,361,0,,,
2022-09-30,Diffa,Diffa,Chetimari,525,0,,,
2022-09-30,Diffa,Diffa,Chetimari,218,10,,,
2022-09-30,Diffa,Diffa,Chetimari,109,0,,,
2022-09-30,Diffa,Diffa,Chetimari,290,0,,,
2022-09-30,Diffa,Diffa,Chetimari,1088,0,,,
2022-09-30,Diffa,Diffa,Chetimari,399,0,,,
2022-09-30,Diffa,Diffa,Chetimari,689,0,,,
2022-09-30,Diffa,Diffa,Chetimari,542,0,,,
2022-09-30,Diffa,Diffa,Chetimari,109,0,,,
2022-09-30,Diffa,Diffa,Chetimari,126,0,,,
2022-09-30,Diffa,Diffa,Chetimari,38,0,,,
2022-09-30,Diffa,Diffa,Chetimari,235,5,,,
2022-09-30,Diffa,Diffa,Chetimari,0,0,,,
2022-09-30,Diffa,Diffa,Chetimari,139,0,,,
2022-09-30,Diffa,Diffa,Chetimari,1159,0,,,
2022-09-30,Diffa,Diffa,Chetimari,218,0,,,
2022-09-30,Diffa,Diffa,Chetimari,181,0,,,
2022-09-30,Diffa,Diffa,Chetimari,1159,0,,,
2022-09-30,Diffa,Diffa,Chetimari,361,0,,,
2022-09-30,Diffa,Diffa,Gueskerou,542,0,,,
2022-09-30,Diffa,Diffa,Diffa,634,0,,,
2022-09-30,Diffa,Diffa,Gueskerou,722,0,,,
2022-09-30,Diffa,Diffa,Gueskerou,71,0,,,
2022-09-30,Diffa,Diffa,Gueskerou,181,0,,,
2022-09-30,Diffa,Diffa,Diffa,109,0,,,
2022-09-30,Diffa,Diffa,Diffa,542,0,,,
2022-09-30,Diffa,Diffa,Diffa,361,0,,,
2022-09-30,Diffa,Diffa,Diffa,181,0,,,
2022-09-30,Diffa,Diffa,Diffa,290,0,,,
2022-09-30,Diffa,Diffa,Diffa,433,0,,,
2022-09-30,Diffa,Diffa,Diffa,0,0,,,
2022-09-30,Diffa,Diffa,Diffa,206,150,,,
2022-09-30,Diffa,Diffa,Diffa,109,0,,,
2022-09-30,Diffa,Diffa,Diffa,218,0,,,
2022-09-30,Diffa,Diffa,Chetimari,25,0,,,
2022-09-30,Diffa,Diffa,Chetimari,42,0,,,
2022-09-30,Diffa,Diffa,Gueskerou,164,0,,,
2022-09-30,Diffa,Diffa,Gueskerou,1449,0,,,
2022-09-30,Diffa,Diffa,Gueskerou,109,0,,,
2022-09-30,Diffa,Diffa,Gueskerou,2898,0,,,
2022-09-30,Diffa,Diffa,Gueskerou,722,0,,,
2022-09-30,Diffa,Diffa,Gueskerou,218,0,,,
2022-09-30,Diffa,Diffa,Gueskerou,290,20,,,
2022-09-30,Diffa,Diffa,Gueskerou,71,130,,,
2022-09-30,Diffa,Diffa,Gueskerou,722,0,,,
2022-09-30,Diffa,Diffa,Gueskerou,626,0,,,
2022-09-30,Diffa,Diffa,Gueskerou,722,0,,,
2022-09-30,Diffa,Diffa,Gueskerou,328,0,,,
2022-09-30,Diffa,Diffa,Gueskerou,252,0,,,
2022-09-30,Diffa,Diffa,Gueskerou,181,0,,,
2022-09-30,Diffa,Diffa,Gueskerou,328,0,,,
2022-09-30,Diffa,Diffa,Chetimari,71,0,,,
2022-09-30,Diffa,Diffa,Diffa,181,0,,,
2022-09-30,Diffa,Diffa,Diffa,542,0,,,
2022-09-30,Diffa,Diffa,Gueskerou,508,0,,,
2022-09-30,Diffa,Diffa,Gueskerou,0,15,,,
2022-09-30,Diffa,Diffa,Gueskerou,2898,0,,,
2022-09-30,Diffa,Diffa,Gueskerou,2533,0,,,
2022-09-30,Diffa,Diffa,Gueskerou,361,0,,,
2022-09-30,Diffa,Diffa,Gueskerou,1483,20,,,
2022-09-30,Diffa,Diffa,Gueskerou,71,30,,,
2022-09-30,Diffa,Diffa,Gueskerou,181,250,,,
2022-09-30,Diffa,Diffa,Gueskerou,361,0,,,
2022-09-30,Diffa,Goudoumaria,Goudoumaria,34,0,,,
2022-09-30,Diffa,Goudoumaria,Goudoumaria,106,35,,,
2022-09-30,Diffa,Goudoumaria,Goudoumaria,25,0,,,
2022-09-30,Diffa,Goudoumaria,Goudoumaria,50,77,,,
2022-09-30,Diffa,Goudoumaria,Goudoumaria,126,40,,,
2022-09-30,Diffa,Goudoumaria,Goudoumaria,0,0,,,
2022-09-30,Diffa,Goudoumaria,Goudoumaria,105,10,,,
2022-09-30,Diffa,Goudoumaria,Goudoumaria,34,0,,,
2022-09-30,Diffa,Goudoumaria,Goudoumaria,4,40,,,
2022-09-30,Diffa,Maïné Soroa,Mainé Soroa,336,0,,,
2022-09-30,Diffa,Maïné Soroa,Mainé Soroa,84,0,,,
2022-09-30,Diffa,Maïné Soroa,Mainé Soroa,0,0,,,
2022-09-30,Diffa,Maïné Soroa,Mainé Soroa,168,10,,,
2022-09-30,Diffa,Maïné Soroa,Mainé Soroa,126,20,,,
2022-09-30,Diffa,Maïné Soroa,Mainé Soroa,42,15,,,
2022-09-30,Diffa,Maïné Soroa,Mainé Soroa,546,200,,,
2022-09-30,Diffa,Maïné Soroa,Mainé Soroa,1470,350,,,
2022-09-30,Diffa,Maïné Soroa,Mainé Soroa,0,0,,,
2022-09-30,Diffa,Maïné Soroa,Mainé Soroa,3301,12,,,
2022-09-30,Diffa,Maïné Soroa,Mainé Soroa,252,130,,,
2022-09-30,Diffa,Maïné Soroa,Mainé Soroa,630,400,,,
2022-09-30,Diffa,Maïné Soroa,Mainé Soroa,756,20,,,
2022-09-30,Diffa,Maïné Soroa,Mainé Soroa,63,20,,,
2022-09-30,Diffa,Maïné Soroa,Mainé Soroa,42,2,,,
2022-09-30,Diffa,Maïné Soroa,Mainé Soroa,210,40,,,
2022-09-30,Diffa,Maïné Soroa,Mainé Soroa,84,20,,,
2022-09-30,Diffa,Maïné Soroa,Mainé Soroa,504,12,,,
2022-09-30,Diffa,Maïné Soroa,Mainé Soroa,84,0,,,
2022-09-30,Diffa,Maïné Soroa,Mainé Soroa,756,70,,,
2022-09-30,Diffa,Maïné Soroa,Mainé Soroa,790,23,,,
2022-09-30,Diffa,Maïné Soroa,Mainé Soroa,294,50,,,
2022-09-30,Diffa,Maïné Soroa,Mainé Soroa,21,2,,,
2022-09-30,Diffa,Maïné Soroa,Mainé Soroa,25,0,,,
2022-09-30,Diffa,Maïné Soroa,Mainé Soroa,8,4,,,
2022-09-30,Diffa,Maïné Soroa,Mainé Soroa,63,3,,,
2022-09-30,Diffa,Maïné Soroa,Mainé Soroa,210,70,,,
2022-09-30,Diffa,Maïné Soroa,Mainé Soroa,210,0,,,
2022-09-30,Diffa,Maïné Soroa,Mainé Soroa,4,0,,,
2022-09-30,Diffa,Maïné Soroa,Mainé Soroa,42,0,,,
2022-09-30,Diffa,Maïné Soroa,Mainé Soroa,25,1,,,
2022-09-30,Diffa,Maïné Soroa,Mainé Soroa,13,5,,,
2022-09-30,Diffa,Maïné Soroa,Mainé Soroa,13,0,,,
2022-09-30,Diffa,Maïné Soroa,Mainé Soroa,84,0,,,
2022-09-30,Diffa,Maïné Soroa,Mainé Soroa,105,15,,,
2022-09-30,Diffa,Maïné Soroa,Mainé Soroa,210,150,,,
2022-09-30,Diffa,Maïné Soroa,Mainé Soroa,0,0,,,
2022-09-30,Diffa,Maïné Soroa,Mainé Soroa,17,0,,,
2022-09-30,Diffa,Maïné Soroa,Mainé Soroa,67,0,,,
2022-09-30,Diffa,Maïné Soroa,Mainé Soroa,105,50,,,
2022-09-30,Diffa,Maïné Soroa,Mainé Soroa,0,0,,,
2022-09-30,Diffa,Maïné Soroa,Mainé Soroa,17,2,,,
2022-09-30,Diffa,Maïné Soroa,Mainé Soroa,13,0,,,
2022-09-30,Diffa,Maïné Soroa,Mainé Soroa,63,13,,,
2022-09-30,Diffa,Maïné Soroa,Mainé Soroa,25,3,,,
2022-09-30,Diffa,Maïné Soroa,Mainé Soroa,0,0,,,
2022-09-30,Diffa,Maïné Soroa,Foulatari,0,12,,,
2022-09-30,Diffa,Maïné Soroa,Mainé Soroa,0,15,,,
2022-09-30,Diffa,Maïné Soroa,Mainé Soroa,0,2,,,
2022-09-30,Diffa,Maïné Soroa,Mainé Soroa,0,15,,,
2022-09-30,Diffa,Maïné Soroa,Foulatari,147,50,,,
2022-09-30,Diffa,Maïné Soroa,Mainé Soroa,63,40,,,
2022-09-30,Diffa,Maïné Soroa,Mainé Soroa,0,0,,,
2022-09-30,Diffa,Maïné Soroa,Mainé Soroa,294,8,,,
2022-09-30,Diffa,Maïné Soroa,Mainé Soroa,210,0,,,
2022-09-30,Diffa,Maïné Soroa,Mainé Soroa,147,25,,,
2022-09-30,Diffa,Maïné Soroa,Mainé Soroa,0,3,,,
2022-09-30,Diffa,Maïné Soroa,Mainé Soroa,0,13,,,
2022-09-30,Diffa,N'Gourti,Ngourti,84,7,,,
2022-09-30,Diffa,N'Gourti,Ngourti,0,0,,,
2022-09-30,Diffa,N'Gourti,Ngourti,126,10,,,
2022-09-30,Diffa,N'Gourti,Ngourti,42,11,,,
2022-09-30,Diffa,N'Gourti,Ngourti,210,60,,,
2022-09-30,Diffa,N'Gourti,Ngourti,210,0,,,
2022-09-30,Diffa,N'Gourti,Ngourti,0,0,,,
2022-09-30,Diffa,N'Guigmi,Kabalewa,172,0,,,
2022-09-30,Diffa,N'Guigmi,Kabalewa,206,0,,,
2022-09-30,Diffa,N'Guigmi,Kabalewa,517,0,,,
2022-09-30,Diffa,N'Guigmi,Kabalewa,1037,0,,,
2022-09-30,Diffa,N'Guigmi,Kabalewa,1037,0,,,
2022-09-30,Diffa,N'Guigmi,Kabalewa,693,0,,,
2022-09-30,Diffa,N'Guigmi,Kabalewa,693,0,,,
2022-09-30,Diffa,N'Guigmi,Kabalewa,1382,0,,,
2022-09-30,Diffa,N'Guigmi,Nguigmi,559,0,,,
2022-09-30,Diffa,N'Guigmi,Nguigmi,105,0,,,
2022-09-30,Diffa,N'Guigmi,Nguigmi,693,0,,,
2022-09-30,Diffa,N'Guigmi,Nguigmi,139,0,,,
2022-09-30,Diffa,N'Guigmi,Nguigmi,67,0,,,
2022-09-30,Diffa,N'Guigmi,Nguigmi,50,0,,,
2022-09-30,Diffa,N'Guigmi,Nguigmi,533,7,,,
2022-09-30,Diffa,N'Guigmi,Nguigmi,139,40,,,
2022-09-30,Diffa,N'Guigmi,Nguigmi,2079,150,,,
2022-09-30,Diffa,N'Guigmi,Nguigmi,105,0,,,
2022-09-30,Diffa,N'Guigmi,Nguigmi,1042,0,,,
2022-09-30,Diffa,N'Guigmi,Nguigmi,1730,0,,,
2022-09-30,Diffa,N'Guigmi,Nguigmi,693,0,,,
2022-09-30,Diffa,N'Guigmi,Nguigmi,344,150,,,
2022-09-30,Diffa,N'Guigmi,Nguigmi,1735,300,,,
2022-09-30,Diffa,N'Guigmi,Nguigmi,34,20,,,
2022-09-30,Diffa,N'Guigmi,Nguigmi,344,0,,,
2022-09-30,Diffa,N'Guigmi,Nguigmi,172,10,,,
2022-09-30,Diffa,N'Guigmi,Kabalewa,206,0,,,
2022-09-30,Diffa,N'Guigmi,Kabalewa,517,0,,,
2022-09-30,Diffa,N'Guigmi,Kabalewa,693,0,,,
2022-09-30,Diffa,N'Guigmi,Kabalewa,277,0,,,
2022-09-30,Diffa,N'Guigmi,Kabalewa,206,0,,,
2022-09-30,Diffa,N'Guigmi,Kabalewa,865,0,,,
2022-09-30,Diffa,N'Guigmi,Kabalewa,1037,0,,,
2022-09-30,Diffa,N'Guigmi,Kabalewa,206,0,,,
2022-09-30,Diffa,N'Guigmi,Kabalewa,223,0,,,
2022-09-30,Diffa,N'Guigmi,Kabalewa,1210,0,,,
2022-09-30,Diffa,N'Guigmi,Kabalewa,172,0,,,
2022-09-30,Diffa,N'Guigmi,Nguigmi,139,0,,,
2022-09-30,Diffa,N'Guigmi,Nguigmi,50,0,,,
2022-09-30,Diffa,N'Guigmi,Nguigmi,693,0,,,
2022-09-30,Diffa,N'Guigmi,Nguigmi,344,0,,,
2022-09-30,Diffa,N'Guigmi,Nguigmi,244,0,,,
2022-09-30,Diffa,N'Guigmi,Nguigmi,0,350,,,
2022-09-30,Diffa,N'Guigmi,Kabalewa,693,0,,,
2022-09-30,Diffa,N'Guigmi,Kabalewa,1037,0,,,
2022-09-30,Diffa,N'Guigmi,Nguigmi,865,0,,,
2022-09-30,Diffa,N'Guigmi,Nguigmi,105,0,,,
2022-09-30,Diffa,N'Guigmi,Kabalewa,206,0,,,
2022-09-30,Diffa,N'Guigmi,Nguigmi,160,0,,,
2022-09-30,Diffa,N'Guigmi,Nguigmi,1730,50,,,
2022-09-30,Diffa,N'Guigmi,Nguigmi,1037,450,,,
2022-09-30,Diffa,N'Guigmi,Nguigmi,0,40,,,
2022-09-30,Diffa,N'Guigmi,Nguigmi,67,0,,,
2022-09-30,Diffa,N'Guigmi,Nguigmi,50,15,,,
2022-09-30,Diffa,N'Guigmi,Nguigmi,693,0,,,
2022-09-30,Diffa,N'Guigmi,Nguigmi,344,0,,,
2022-09-30,Diffa,N'Guigmi,Nguigmi,2075,0,,,
2022-09-30,Diffa,N'Guigmi,Nguigmi,0,0,,,
2022-09-30,Diffa,N'Guigmi,Kabalewa,1222,0,,,
2022-09-30,Diffa,N'Guigmi,Nguigmi,0,0,,,
2022-09-30,Diffa,N'Guigmi,Kabalewa,0,20,,,
2022-09-30,Diffa,N'Guigmi,Kabalewa,0,50,,,
2022-09-30,Diffa,N'Guigmi,Kabalewa,105,0,,,
2022-09-30,Diffa,N'Guigmi,Kabalewa,344,0,,,
2022-09-30,Diffa,N'Guigmi,Kabalewa,344,0,,,
2022-09-30,Diffa,N'Guigmi,Kabalewa,0,0,,,
2022-09-30,Diffa,N'Guigmi,Kabalewa,20740,0,,,
2022-09-30,Diffa,N'Guigmi,Kabalewa,3457,300,,,
2022-09-30,Diffa,N'Guigmi,Kabalewa,0,200,,,
2022-09-30,Diffa,N'Guigmi,Kabalewa,67,20,,,
2022-09-30,Diffa,N'Guigmi,Kabalewa,0,250,,,
2022-09-30,Diffa,N'Guigmi,Kabalewa,0,70,,,
2022-09-30,Diffa,N'Guigmi,Kabalewa,0,20,,,
2022-09-30,Tahoua,Bagaroua,Bagaroua,172,0,,,
2022-09-30,Tahoua,Bagaroua,Bagaroua,86,60,,,
2022-09-30,Tahoua,Bagaroua,Bagaroua,860,0,,,
2022-09-30,Tahoua,Bagaroua,Bagaroua,194,0,,,
2022-09-30,Tahoua,Bagaroua,Bagaroua,0,0,,,
2022-09-30,Tahoua,Bagaroua,Bagaroua,256,0,,,
2022-09-30,Tahoua,Bagaroua,Bagaroua,82,29,,,
2022-09-30,Tahoua,Bagaroua,Bagaroua,187,0,,,
2022-09-30,Tahoua,Bagaroua,Bagaroua,155,0,,,
2022-09-30,Tahoua,Bagaroua,Bagaroua,215,0,,,
2022-09-30,Tahoua,Bagaroua,Bagaroua,0,0,,,
2022-09-30,Tahoua,Bagaroua,Bagaroua,0,0,,,
2022-09-30,Tahoua,Bagaroua,Bagaroua,858,0,,,
2022-09-30,Tahoua,Bagaroua,Bagaroua,0,0,,,
2022-09-30,Tahoua,Birni N'Konni,Birnin Konni,0,0,,,
2022-09-30,Tahoua,Birni N'Konni,Birnin Konni,0,8,,,
2022-09-30,Tahoua,Birni N'Konni,Birnin Konni,0,0,,,
2022-09-30,Tahoua,Birni N'Konni,Birnin Konni,0,0,,,
2022-09-30,Tahoua,Birni N'Konni,Birnin Konni,0,0,,,
2022-09-30,Tahoua,Birni N'Konni,Birnin Konni,0,0,,,
2022-09-30,Tahoua,Birni N'Konni,Birnin Konni,0,0,,,
2022-09-30,Tahoua,Birni N'Konni,Birnin Konni,0,0,,,
2022-09-30,Tahoua,Birni N'Konni,Birnin Konni,0,0,,,
2022-09-30,Tahoua,Birni N'Konni,Bazaga,0,0,,,
2022-09-30,Tahoua,Birni N'Konni,Birnin Konni,0,0,,,
2022-09-30,Tahoua,Birni N'Konni,Birnin Konni,0,0,,,
2022-09-30,Tahoua,Madaoua,Bangui,0,0,,,
2022-09-30,Tahoua,Madaoua,Bangui,0,0,,,
2022-09-30,Tahoua,Madaoua,Bangui,0,0,,,
2022-09-30,Tahoua,Madaoua,Bangui,0,0,,,
2022-09-30,Tahoua,Madaoua,Bangui,0,0,,,
2022-09-30,Tahoua,Madaoua,Bangui,0,20,,,
2022-09-30,Tahoua,Madaoua,Bangui,0,0,,,
2022-09-30,Tahoua,Madaoua,Bangui,0,0,,,
2022-09-30,Tahoua,Madaoua,Bangui,0,10,,,
2022-09-30,Tahoua,Madaoua,Bangui,0,175,,,
2022-09-30,Tahoua,Madaoua,Bangui,0,40,,,
2022-09-30,Tahoua,Madaoua,Bangui,0,145,,,
2022-09-30,Tahoua,Madaoua,Bangui,0,50,,,
2022-09-30,Tahoua,Madaoua,Bangui,0,30,,,
2022-09-30,Tahoua,Madaoua,Bangui,0,1000,,,
2022-09-30,Tahoua,Madaoua,Bangui,0,140,,,
2022-09-30,Tahoua,Madaoua,Bangui,0,0,,,
2022-09-30,Tahoua,Madaoua,Bangui,0,10,,,
2022-09-30,Tahoua,Madaoua,Bangui,0,20,,,
2022-09-30,Tahoua,Madaoua,Bangui,0,10,,,
2022-09-30,Tahoua,Madaoua,Bangui,0,125,,,
2022-09-30,Tahoua,Madaoua,Bangui,0,50,,,
2022-09-30,Tahoua,Madaoua,Bangui,0,17,,,
2022-09-30,Tahoua,Madaoua,Bangui,0,0,,,
2022-09-30,Tahoua,Madaoua,Sabon Guida,0,0,,,
2022-09-30,Tahoua,Madaoua,Bangui,0,30,,,
2022-09-30,Tahoua,Madaoua,Bangui,0,0,,,
2022-09-30,Tahoua,Madaoua,Bangui,0,0,,,
2022-09-30,Tahoua,Madaoua,Bangui,0,0,,,
2022-09-30,Tahoua,Madaoua,Bangui,0,0,,,
2022-09-30,Tahoua,Madaoua,Bangui,0,0,,,
2022-09-30,Tahoua,Madaoua,Bangui,0,0,,,
2022-09-30,Tahoua,Madaoua,Bangui,0,10,,,
2022-09-30,Tahoua,Madaoua,Bangui,0,125,,,
2022-09-30,Tahoua,Madaoua,Bangui,0,25,,,
2022-09-30,Tahoua,Madaoua,Bangui,0,0,,,
2022-09-30,Tahoua,Madaoua,Bangui,0,0,,,
2022-09-30,Tahoua,Madaoua,Bangui,0,0,,,
2022-09-30,Tahoua,Madaoua,Bangui,0,0,,,
2022-09-30,Tahoua,Madaoua,Bangui,0,0,,,
2022-09-30,Tahoua,Madaoua,Bangui,0,0,,,
2022-09-30,Tahoua,Madaoua,Bangui,0,0,,,
2022-09-30,Tahoua,Madaoua,Bangui,0,40,,,
2022-09-30,Tahoua,Madaoua,Bangui,0,0,,,
2022-09-30,Tahoua,Madaoua,Bangui,0,0,,,
2022-09-30,Tahoua,Madaoua,Bangui,0,0,,,
2022-09-30,Tahoua,Madaoua,Bangui,0,0,,,
2022-09-30,Tahoua,Madaoua,Bangui,0,0,,,
2022-09-30,Tahoua,Madaoua,Bangui,0,0,,,
2022-09-30,Tahoua,Madaoua,Bangui,0,125,,,
2022-09-30,Tahoua,Madaoua,Bangui,0,20,,,
2022-09-30,Tahoua,Madaoua,Bangui,0,0,,,
2022-09-30,Tahoua,Madaoua,Bangui,0,0,,,
2022-09-30,Tahoua,Madaoua,Sabon Guida,0,30,,,
2022-09-30,Tahoua,Madaoua,Sabon Guida,0,0,,,
2022-09-30,Tahoua,Madaoua,Bangui,0,0,,,
2022-09-30,Tahoua,Madaoua,Bangui,0,0,,,
2022-09-30,Tahoua,Madaoua,Bangui,0,0,,,
2022-09-30,Tahoua,Madaoua,Sabon Guida,0,0,,,
2022-09-30,Tahoua,Madaoua,Bangui,0,0,,,
2022-09-30,Tahoua,Madaoua,Bangui,0,8,,,
2022-09-30,Tahoua,Tahoua,Tahoua 2,0,0,,,
2022-09-30,Tahoua,Tahoua,Tahoua 2,0,0,,,
2022-09-30,Tahoua,Tahoua,Tahoua 2,0,0,,,
2022-09-30,Tahoua,Tahoua,Tebaram,0,25,,,
2022-09-30,Tahoua,Tassara,Tassara,2580,11,,,
2022-09-30,Tahoua,Tassara,Tassara,215,11,,,
2022-09-30,Tahoua,Tassara,Tassara,4064,40,,,
2022-09-30,Tahoua,Tassara,Tassara,3922,200,,,
2022-09-30,Tahoua,Tassara,Tassara,516,0,,,
2022-09-30,Tahoua,Tassara,Tassara,1170,0,,,
2022-09-30,Tahoua,Tchintabaraden,Kao,0,0,,,
2022-09-30,Tahoua,Tchintabaraden,Kao,0,0,,,
2022-09-30,Tahoua,Tchintabaraden,Kao,0,0,,,
2022-09-30,Tahoua,Tchintabaraden,Kao,0,0,,,
2022-09-30,Tahoua,Tchintabaraden,Kao,0,0,,,
2022-09-30,Tahoua,Tchintabaraden,Kao,0,0,,,
2022-09-30,Tahoua,Tchintabaraden,Kao,0,0,,,
2022-09-30,Tahoua,Tchintabaraden,Kao,0,0,,,
2022-09-30,Tahoua,Tchintabaraden,Kao,0,0,,,
2022-09-30,Tahoua,Tchintabaraden,Kao,0,0,,,
2022-09-30,Tahoua,Tchintabaraden,Kao,0,0,,,
2022-09-30,Tahoua,Tchintabaraden,Kao,0,0,,,
2022-09-30,Tahoua,Tchintabaraden,Kao,0,0,,,
2022-09-30,Tahoua,Tchintabaraden,Kao,0,0,,,
2022-09-30,Tahoua,Tchintabaraden,Kao,0,0,,,
2022-09-30,Tahoua,Tchintabaraden,Kao,0,0,,,
2022-09-30,Tahoua,Tchintabaraden,Kao,0,0,,,
2022-09-30,Tahoua,Tchintabaraden,Kao,0,0,,,
2022-09-30,Tahoua,Tchintabaraden,Kao,0,0,,,
2022-09-30,Tahoua,Tchintabaraden,Kao,0,0,,,
2022-09-30,Tahoua,Tchintabaraden,Kao,0,0,,,
2022-09-30,Tahoua,Tchintabaraden,Kao,0,0,,,
2022-09-30,Tahoua,Tchintabaraden,Kao,0,0,,,
2022-09-30,Tahoua,Tchintabaraden,Kao,0,0,,,
2022-09-30,Tahoua,Tchintabaraden,Tchintabaraden,0,0,,,
2022-09-30,Tahoua,Tchintabaraden,Tchintabaraden,0,0,,,
2022-09-30,Tahoua,Tchintabaraden,Tchintabaraden,0,0,,,
2022-09-30,Tahoua,Tchintabaraden,Tchintabaraden,0,0,,,
2022-09-30,Tahoua,Tchintabaraden,Tchintabaraden,0,11,,,
2022-09-30,Tahoua,Tchintabaraden,Tchintabaraden,0,6,,,
2022-09-30,Tahoua,Tchintabaraden,Tchintabaraden,0,0,,,
2022-09-30,Tahoua,Tchintabaraden,Tchintabaraden,0,1,,,
2022-09-30,Tahoua,Tchintabaraden,Tchintabaraden,0,0,,,
2022-09-30,Tahoua,Tchintabaraden,Tchintabaraden,0,0,,,
2022-09-30,Tahoua,Tchintabaraden,Tchintabaraden,0,25,,,
2022-09-30,Tahoua,Tchintabaraden,Tchintabaraden,0,0,,,
2022-09-30,Tahoua,Tchintabaraden,Tchintabaraden,0,0,,,
2022-09-30,Tahoua,Tchintabaraden,Tchintabaraden,0,0,,,
2022-09-30,Tahoua,Tchintabaraden,Tchintabaraden,0,109,,,
2022-09-30,Tahoua,Tchintabaraden,Tchintabaraden,0,0,,,
2022-09-30,Tahoua,Tchintabaraden,Tchintabaraden,0,243,,,
2022-09-30,Tahoua,Tillia,Tillia,3892,0,,,
2022-09-30,Tahoua,Tillia,Tillia,0,0,,,
2022-09-30,Tahoua,Tillia,Tillia,172,0,,,
2022-09-30,Tahoua,Tillia,Tillia,516,0,,,
2022-09-30,Tahoua,Tillia,Tillia,1290,0,,,
2022-09-30,Tahoua,Tillia,Tillia,323,0,,,
2022-09-30,Tahoua,Tillia,Tillia,439,0,,,
2022-09-30,Tahoua,Tillia,Tillia,860,100,,,
2022-09-30,Tahoua,Tillia,Tillia,860,0,,,
2022-09-30,Tahoua,Tillia,Tillia,645,0,,,
2022-09-30,Tahoua,Tillia,Tillia,525,0,,,
2022-09-30,Tahoua,Tillia,Tillia,112,0,,,
2022-09-30,Tahoua,Tillia,Tillia,108,7,,,
2022-09-30,Tahoua,Tillia,Tillia,3943,0,,,
2022-09-30,Tahoua,Tillia,Tillia,1092,0,,,
2022-09-30,Tahoua,Tillia,Tillia,181,0,,,
2022-09-30,Tahoua,Tillia,Tillia,645,0,,,
2022-09-30,Tahoua,Tillia,Tillia,1075,0,,,
2022-09-30,Tahoua,Tillia,Tillia,439,0,,,
2022-09-30,Tahoua,Tillia,Tillia,77,0,,,
2022-09-30,Tahoua,Tillia,Tillia,1767,0,,,
2022-09-30,Tahoua,Tillia,Tillia,39,0,,,
2022-09-30,Tahoua,Tillia,Tillia,516,0,,,
2022-09-30,Tahoua,Tillia,Tillia,671,0,,,
2022-09-30,Tahoua,Tillia,Tillia,348,0,,,
2022-09-30,Tahoua,Tillia,Tillia,581,0,,,
2022-09-30,Tahoua,Tillia,Tillia,138,0,,,
2022-09-30,Tahoua,Tillia,Tillia,82,0,,,
2022-09-30,Tahoua,Tillia,Tillia,645,0,,,
2022-09-30,Tahoua,Tillia,Tillia,344,0,,,
2022-09-30,Tahoua,Tillia,Tillia,452,0,,,
2022-09-30,Tahoua,Tillia,Tillia,452,0,,,
2022-09-30,Tahoua,Tillia,Tillia,387,0,,,
2022-09-30,Tahoua,Tillia,Tillia,460,0,,,
2022-09-30,Tahoua,Tillia,Tillia,9838,0,,,
2022-09-30,Tillabéri,Abala,Abala,700,0,,,
2022-09-30,Tillabéri,Abala,Abala,343,0,,,
2022-09-30,Tillabéri,Abala,Abala,560,0,,,
2022-09-30,Tillabéri,Abala,Abala,490,0,,,
2022-09-30,Tillabéri,Abala,Abala,840,0,,,
2022-09-30,Tillabéri,Abala,Abala,490,0,,,
2022-09-30,Tillabéri,Abala,Sanam,1050,0,,,
2022-09-30,Tillabéri,Abala,Abala,840,0,,,
2022-09-30,Tillabéri,Abala,Abala,1876,0,,,
2022-09-30,Tillabéri,Abala,Abala,3374,0,,,
2022-09-30,Tillabéri,Abala,Abala,1148,0,,,
2022-09-30,Tillabéri,Abala,Abala,1932,0,,,
2022-09-30,Tillabéri,Abala,Abala,70,0,,,
2022-09-30,Tillabéri,Abala,Abala,0,0,,,
2022-09-30,Tillabéri,Ayerou,Ayorou,4218,0,,,
2022-09-30,Tillabéri,Ayerou,Ayorou,1148,0,,,
2022-09-30,Tillabéri,Ayerou,Ayorou,847,0,,,
2022-09-30,Tillabéri,Ayerou,Ayorou,910,0,,,
2022-09-30,Tillabéri,Ayerou,Ayorou,875,0,,,
2022-09-30,Tillabéri,Ayerou,Ayorou,1050,0,,,
2022-09-30,Tillabéri,Ayerou,Ayorou,10668,0,,,
2022-09-30,Tillabéri,Balleyara,Tagazar,5628,0,,,
2022-09-30,Tillabéri,Banibangou,Banibangou,805,0,,,
2022-09-30,Tillabéri,Banibangou,Banibangou,2023,0,,,
2022-09-30,Tillabéri,Banibangou,Banibangou,658,0,,,
2022-09-30,Tillabéri,Banibangou,Banibangou,238,0,,,
2022-09-30,Tillabéri,Banibangou,Banibangou,1540,0,,,
2022-09-30,Tillabéri,Banibangou,Banibangou,2380,0,,,
2022-09-30,Tillabéri,Banibangou,Banibangou,3500,0,,,
2022-09-30,Tillabéri,Banibangou,Banibangou,441,0,,,
2022-09-30,Tillabéri,Banibangou,Banibangou,2961,0,,,
2022-09-30,Tillabéri,Banibangou,Banibangou,406,0,,,
2022-09-30,Tillabéri,Banibangou,Banibangou,434,0,,,
2022-09-30,Tillabéri,Banibangou,Banibangou,1295,0,,,
2022-09-30,Tillabéri,Banibangou,Banibangou,2100,0,,,
2022-09-30,Tillabéri,Banibangou,Banibangou,980,0,,,
2022-09-30,Tillabéri,Banibangou,Banibangou,7364,0,,,
2022-09-30,Tillabéri,Banibangou,Banibangou,0,92,,,
2022-09-30,Tillabéri,Banibangou,Banibangou,0,334,,,
2022-09-30,Tillabéri,Banibangou,Banibangou,0,200,,,
2022-09-30,Tillabéri,Bankilaré,Bankilaré,623,0,,,
2022-09-30,Tillabéri,Bankilaré,Bankilaré,1149,0,,,
2022-09-30,Tillabéri,Bankilaré,Bankilaré,121,0,,,
2022-09-30,Tillabéri,Bankilaré,Bankilaré,0,0,,,
2022-09-30,Tillabéri,Bankilaré,Bankilaré,0,0,,,
2022-09-30,Tillabéri,Gothèye,Gotheye,941,0,,,
2022-09-30,Tillabéri,Gothèye,Gotheye,306,0,,,
2022-09-30,Tillabéri,Gothèye,Gotheye,996,0,,,
2022-09-30,Tillabéri,Gothèye,Gotheye,1217,0,,,
2022-09-30,Tillabéri,Kollo,Karma,34,0,,,
2022-09-30,Tillabéri,Kollo,Karma,47,0,,,
2022-09-30,Tillabéri,Kollo,Kollo,17,0,,,
2022-09-30,Tillabéri,Kollo,Karma,31,0,,,
2022-09-30,Tillabéri,Kollo,Karma,17,0,,,
2022-09-30,Tillabéri,Kollo,Karma,6,0,,,
2022-09-30,Tillabéri,Kollo,Karma,51,0,,,
2022-09-30,Tillabéri,Kollo,Karma,15,0,,,
2022-09-30,Tillabéri,Kollo,Namaro,4,0,,,
2022-09-30,Tillabéri,Kollo,Namaro,31,0,,,
2022-09-30,Tillabéri,Kollo,Namaro,44,0,,,
2022-09-30,Tillabéri,Kollo,Namaro,22,0,,,
2022-09-30,Tillabéri,Kollo,Namaro,49,0,,,
2022-09-30,Tillabéri,Kollo,Namaro,18,0,,,
2022-09-30,Tillabéri,Kollo,Namaro,16,0,,,
2022-09-30,Tillabéri,Kollo,Namaro,47,0,,,
2022-09-30,Tillabéri,Kollo,Namaro,101,0,,,
2022-09-30,Tillabéri,Kollo,Bitinkodji,132,0,,,
2022-09-30,Tillabéri,Kollo,Bitinkodji,13,0,,,
2022-09-30,Tillabéri,Kollo,Bitinkodji,51,0,,,
2022-09-30,Tillabéri,Kollo,Bitinkodji,25,0,,,
2022-09-30,Tillabéri,Kollo,Bitinkodji,7,0,,,
2022-09-30,Tillabéri,Kollo,Bitinkodji,15,0,,,
2022-09-30,Tillabéri,Kollo,Bitinkodji,9,0,,,
2022-09-30,Tillabéri,Kollo,Karma,42,0,,,
2022-09-30,Tillabéri,Kollo,Karma,11,0,,,
2022-09-30,Tillabéri,Kollo,Karma,70,0,,,
2022-09-30,Tillabéri,Kollo,Libore,210,36,,,
2022-09-30,Tillabéri,Kollo,Libore,350,100,,,
2022-09-30,Tillabéri,Kollo,Libore,70,10,,,
2022-09-30,Tillabéri,Kollo,Libore,7,7,,,
2022-09-30,Tillabéri,Kollo,N_Dounga,0,25,,,
2022-09-30,Tillabéri,Kollo,N_Dounga,0,70,,,
2022-09-30,Tillabéri,Kollo,N_Dounga,1995,0,,,
2022-09-30,Tillabéri,Kollo,Youri,0,30,,,
2022-09-30,Tillabéri,Kollo,Youri,0,40,,,
2022-09-30,Tillabéri,Kollo,Youri,91,77,,,
2022-09-30,Tillabéri,Kollo,Hamdallaye,105,41,,,
2022-09-30,Tillabéri,Kollo,Dantchiandou,0,24,,,
2022-09-30,Tillabéri,Kollo,Kollo,84,17,,,
2022-09-30,Tillabéri,Kollo,Kollo,420,200,,,
2022-09-30,Tillabéri,Kollo,N_Dounga,182,75,,,
2022-09-30,Tillabéri,Kollo,Dantchiandou,2009,45,,,
2022-09-30,Tillabéri,Kollo,Dantchiandou,0,35,,,
2022-09-30,Tillabéri,Kollo,Dantchiandou,0,12,,,
2022-09-30,Tillabéri,Kollo,Koure,0,300,,,
2022-09-30,Tillabéri,Kollo,Koure,840,0,,,
2022-09-30,Tillabéri,Kollo,Koure,0,105,,,
2022-09-30,Tillabéri,Kollo,Youri,210,0,,,
2022-09-30,Tillabéri,Kollo,Kirtachi,0,30,,,
2022-09-30,Tillabéri,Kollo,Kirtachi,77,3,,,
2022-09-30,Tillabéri,Kollo,Kirtachi,0,21,,,
2022-09-30,Tillabéri,Kollo,Kollo,140,35,,,
2022-09-30,Tillabéri,Kollo,Kollo,91,7,,,
2022-09-30,Tillabéri,Kollo,Kollo,308,0,,,
2022-09-30,Tillabéri,Kollo,Hamdallaye,28,16,,,
2022-09-30,Tillabéri,Kollo,Kollo,0,23,,,
2022-09-30,Tillabéri,Kollo,Kollo,63,31,,,
2022-09-30,Tillabéri,Kollo,Kollo,0,11,,,
2022-09-30,Tillabéri,Kollo,Kollo,525,60,,,
2022-09-30,Tillabéri,Kollo,Kollo,7,48,,,
2022-09-30,Tillabéri,Kollo,Kollo,875,0,,,
2022-09-30,Tillabéri,Kollo,Kollo,350,115,,,
2022-09-30,Tillabéri,Kollo,N_Dounga,182,10,,,
2022-09-30,Tillabéri,Kollo,Kollo,581,0,,,
2022-09-30,Tillabéri,Kollo,N_Dounga,693,25,,,
2022-09-30,Tillabéri,Kollo,N_Dounga,0,66,,,
2022-09-30,Tillabéri,Kollo,N_Dounga,0,82,,,
2022-09-30,Tillabéri,Kollo,Libore,14,48,,,
2022-09-30,Tillabéri,Kollo,Libore,574,105,,,
2022-09-30,Tillabéri,Ouallam,Tondikiwindi,455,0,,,
2022-09-30,Tillabéri,Ouallam,Ouallam,6735,0,,,
2022-09-30,Tillabéri,Ouallam,Tondikiwindi,7000,0,,,
2022-09-30,Tillabéri,Téra,Tera,311,48,,,
2022-09-30,Tillabéri,Téra,Tera,0,0,,,
2022-09-30,Tillabéri,Téra,Tera,2737,0,,,
2022-09-30,Tillabéri,Téra,Tera,10784,0,,,
2022-09-30,Tillabéri,Tillabéri,Dessa,868,50,,,
2022-09-30,Tillabéri,Tillabéri,Dessa,350,6,,,
2022-09-30,Tillabéri,Tillabéri,Dessa,910,0,,,
2022-09-30,Tillabéri,Tillabéri,Dessa,3619,0,,,
2022-09-30,Tillabéri,Tillabéri,Dessa,280,0,,,
2022-09-30,Tillabéri,Tillabéri,Dessa,945,0,,,
2022-09-30,Tillabéri,Tillabéri,Dessa,600,0,,,
2022-09-30,Tillabéri,Tillabéri,Dessa,315,0,,,
2022-09-30,Tillabéri,Tillabéri,Dessa,1050,40,,,
2022-09-30,Tillabéri,Tillabéri,Tillaberi,490,0,,,
2022-09-30,Tillabéri,Tillabéri,Tillaberi,3500,0,,,
2022-09-30,Tillabéri,Tillabéri,Tillaberi,560,0,,,
2022-09-30,Tillabéri,Tillabéri,Sakoira,1757,0,,,
2022-09-30,Tillabéri,Tillabéri,Dessa,2100,0,,,
2022-09-30,Tillabéri,Tillabéri,Dessa,600,0,,,
2022-09-30,Tillabéri,Tillabéri,Dessa,469,67,,,
2022-09-30,Tillabéri,Tillabéri,Sakoira,476,4,,,
2022-09-30,Tillabéri,Torodi,Makalondi,840,0,,,
2022-09-30,Tillabéri,Torodi,Makalondi,322,7,,,
2022-09-30,Tillabéri,Torodi,Makalondi,1050,30,,,
2022-09-30,Tillabéri,Torodi,Makalondi,224,2,,,
2022-09-30,Tillabéri,Torodi,Makalondi,2282,0,,,
2022-09-30,Tillabéri,Torodi,Makalondi,210,13,,,
2022-09-30,Tillabéri,Torodi,Makalondi,525,0,,,
2022-09-30,Tillabéri,Torodi,Torodi,1225,0,,,
2022-09-30,Tillabéri,Torodi,Torodi,280,0,,,
2022-09-30,Tillabéri,Torodi,Torodi,7910,250,,,
2022-09-30,Tillabéri,Torodi,Torodi,11388,0,,,
2022-09-30,Tillabéri,Torodi,Torodi,616,0,,,
2022-09-30,Tillabéri,Torodi,Torodi,241,0,,,
2022-09-30,Tillabéri,Torodi,Torodi,217,0,,,
2022-09-30,Tillabéri,Torodi,Torodi,9,8,,,
2022-09-30,Tillabéri,Torodi,Torodi,21,8,,,
2022-09-30,Tillabéri,Torodi,Makalondi,228,0,,,
2022-09-30,Tillabéri,Torodi,Torodi,69,0,,,
2022-09-30,Tillabéri,Téra,Diagorou,1848,0,,,
2022-09-30,Maradi,Madarounfa,Madarounfa,0,0,,,
2022-09-30,Maradi,Madarounfa,Madarounfa,70,0,,,
2022-09-30,Maradi,Madarounfa,Madarounfa,7,0,,,
2022-09-30,Maradi,Madarounfa,Madarounfa,91,0,,,
2022-09-30,Maradi,Guidan Roumdji,Tibiri,490,15,,,
2022-09-30,Maradi,Madarounfa,Gabi,105,0,,,
2022-09-30,Maradi,Madarounfa,Gabi,70,6,,,
2022-09-30,Maradi,Madarounfa,Gabi,700,0,,,
2022-09-30,Maradi,Madarounfa,Gabi,462,0,,,
2022-09-30,Maradi,Madarounfa,Safo,350,200,,,
2022-09-30,Maradi,Guidan Roumdji,Guidan Sori,105,0,,,
2022-09-30,Maradi,Guidan Roumdji,Guidan Sori,35,2,,,
2022-09-30,Maradi,Guidan Roumdji,Guidan Roumdji,455,0,,,
2022-09-30,Maradi,Guidan Roumdji,Guidan Roumdji,238,0,,,
2022-09-30,Maradi,Guidan Roumdji,Guidan Roumdji,70,28,,,
2022-09-30,Maradi,Guidan Roumdji,Guidan Roumdji,70,0,,,
2022-09-30,Maradi,Guidan Roumdji,Guidan Roumdji,826,0,,,
2022-09-30,Maradi,Guidan Roumdji,Guidan Roumdji,42,0,,,
2022-09-30,Maradi,Guidan Roumdji,Guidan Roumdji,350,15,,,
2022-09-30,Maradi,Guidan Roumdji,Tibiri,140,0,,,
2022-09-30,Maradi,Guidan Roumdji,Tibiri,140,0,,,
2022-09-30,Maradi,Guidan Roumdji,Tibiri,350,0,,,
2022-09-30,Maradi,Guidan Roumdji,Tibiri,210,0,,,
2022-09-30,Maradi,Guidan Roumdji,Tibiri,14,1,,,
2022-09-30,Maradi,Guidan Roumdji,Tibiri,14,0,,,
2022-09-30,Maradi,Guidan Roumdji,Tibiri,14,0,,,
2022-09-30,Maradi,Guidan Roumdji,Tibiri,7,0,,,
2022-09-30,Maradi,Guidan Roumdji,Tibiri,35,0,,,
2022-09-30,Maradi,Guidan Roumdji,Guidan Roumdji,70,2,,,
2022-09-30,Maradi,Guidan Roumdji,Guidan Roumdji,21,0,,,
2022-09-30,Maradi,Guidan Roumdji,Guidan Roumdji,67,2,,,
2022-09-30,Maradi,Guidan Roumdji,Guidan Roumdji,152,0,,,
2022-09-30,Maradi,Guidan Roumdji,Guidan Roumdji,77,3,,,
2022-09-30,Maradi,Guidan Roumdji,Guidan Roumdji,70,4,,,
2022-09-30,Maradi,Guidan Roumdji,Guidan Sori,175,2,,,
2022-09-30,Maradi,Guidan Roumdji,Guidan Sori,140,2,,,
2022-09-30,Maradi,Guidan Roumdji,Guidan Roumdji,35,0,,,
2022-09-30,Maradi,Guidan Roumdji,Tibiri,210,1,,,
2022-09-30,Maradi,Madarounfa,Gabi,700,10,,,
2022-09-30,Maradi,Madarounfa,Sarkin Yamma,259,0,,,
2022-09-30,Maradi,Madarounfa,Gabi,840,0,,,
2022-09-30,Maradi,Madarounfa,Gabi,105,70,,,
2022-09-30,Maradi,Madarounfa,Gabi,91,0,,,
2022-09-30,Maradi,Madarounfa,Gabi,77,0,,,
2022-09-30,Maradi,Madarounfa,Gabi,140,0,,,
2022-09-30,Maradi,Madarounfa,Gabi,140,0,,,
2022-09-30,Maradi,Madarounfa,Gabi,14,0,,,
2022-09-30,Maradi,Madarounfa,Gabi,105,41,,,
2022-09-30,Maradi,Guidan Roumdji,Guidan Sori,245,40,,,
2022-09-30,Maradi,Guidan Roumdji,Guidan Sori,315,15,,,
2022-09-30,Maradi,Guidan Roumdji,Guidan Roumdji,7,80,,,
2022-09-30,Maradi,Guidan Roumdji,Tibiri,420,19,,,
2022-09-30,Maradi,Madarounfa,Madarounfa,280,0,,,
2022-09-30,Maradi,Madarounfa,Gabi,21,0,,,
2022-09-30,Maradi,Guidan Roumdji,Guidan Roumdji,308,0,,,
2022-09-30,Maradi,Guidan Roumdji,Tibiri,315,0,,,
2022-09-30,Maradi,Madarounfa,Safo,42,0,,,
2022-09-30,Maradi,Madarounfa,Madarounfa,70,0,,,
2022-09-30,Maradi,Guidan Roumdji,Tibiri,1400,25,,,
2022-09-30,Maradi,Madarounfa,Madarounfa,36,0,,,
2022-09-30,Maradi,Madarounfa,Madarounfa,140,0,,,
2022-09-30,Maradi,Madarounfa,Gabi,82,0,,,
2022-09-30,Maradi,Madarounfa,Gabi,140,30,,,
2022-09-30,Maradi,Madarounfa,Gabi,21,7,,,
2022-09-30,Maradi,Madarounfa,Gabi,8,0,,,
2022-09-30,Maradi,Madarounfa,Gabi,15,0,,,
2022-09-30,Maradi,Madarounfa,Dan Issa,42,0,,,
2022-09-30,Maradi,Madarounfa,Safo,595,28,,,
2022-09-30,Maradi,Madarounfa,Safo,175,0,,,
2022-09-30,Maradi,Madarounfa,Sarkin Yamma,888,0,,,
2022-09-30,Maradi,Madarounfa,Safo,140,0,,,
2022-09-30,Maradi,Madarounfa,Sarkin Yamma,140,10,,,
2022-09-30,Maradi,Madarounfa,Sarkin Yamma,105,0,,,
2022-09-30,Maradi,Madarounfa,Sarkin Yamma,840,50,,,
2022-09-30,Maradi,Guidan Roumdji,Guidan Roumdji,175,0,,,
2022-09-30,Maradi,Guidan Roumdji,Guidan Roumdji,280,44,,,
2022-09-30,Maradi,Guidan Roumdji,Guidan Roumdji,455,135,,,
2022-09-30,Maradi,Guidan Roumdji,Guidan Roumdji,1000,0,,,
2022-09-30,Maradi,Guidan Roumdji,Guidan Roumdji,70,0,,,
2022-09-30,Maradi,Guidan Roumdji,Guidan Roumdji,105,0,,,
2022-09-30,Maradi,Madarounfa,Gabi,70,1,,,
2022-09-30,Maradi,Madarounfa,Gabi,147,0,,,
2022-09-30,Maradi,Guidan Roumdji,Guidan Roumdji,42,0,,,
2022-09-30,Maradi,Guidan Roumdji,Tibiri,140,20,,,
2022-09-30,Maradi,Guidan Roumdji,Tibiri,280,100,,,
2022-09-30,Maradi,Madarounfa,Madarounfa,210,0,,,
2022-09-30,Maradi,Madarounfa,Madarounfa,0,0,,,
2022-09-30,Maradi,Madarounfa,Gabi,0,159,,,
2022-09-30,Maradi,Madarounfa,Gabi,714,0,,,
2022-09-30,Maradi,Madarounfa,Gabi,21,0,,,
2022-09-30,Maradi,Madarounfa,Gabi,45,0,,,
2022-09-30,Maradi,Madarounfa,Gabi,350,500,,,
2022-09-30,Maradi,Madarounfa,Gabi,700,0,,,
2022-09-30,Maradi,Madarounfa,Gabi,58,59,,,
2022-09-30,Maradi,Madarounfa,Gabi,35,0,,,
2022-09-30,Maradi,Madarounfa,Dan Issa,266,0,,,
2022-09-30,Maradi,Madarounfa,Dan Issa,14,200,,,
2022-09-30,Maradi,Madarounfa,Dan Issa,0,0,,,
2022-09-30,Maradi,Madarounfa,Dan Issa,0,0,,,
2022-09-30,Maradi,Madarounfa,Djirataoua,0,0,,,
2022-09-30,Maradi,Guidan Roumdji,Tibiri,25,50,,,
2022-09-30,Maradi,Madarounfa,Gabi,70,90,,,
2022-09-30,Maradi,Guidan Roumdji,Guidan Roumdji,0,0,,,
2022-09-30,Maradi,Guidan Roumdji,Tibiri,280,0,,,
2022-09-30,Maradi,Guidan Roumdji,Tibiri,350,0,,,
2022-09-30,Maradi,Guidan Roumdji,Tibiri,175,0,,,
2022-09-30,Maradi,Madarounfa,Gabi,175,0,,,
2022-09-30,Maradi,Guidan Roumdji,Guidan Roumdji,70,0,,,
2022-09-30,Maradi,Guidan Roumdji,Tibiri,14,0,,,
2022-09-30,Maradi,Madarounfa,Sarkin Yamma,210,0,,,
2022-09-30,Maradi,Madarounfa,Gabi,210,80,,,
2017-12-31,Tillabéri,Torodi,Makalondi,0,,,,
2017-12-31,Tahoua,Tassara,Tassara,0,,,,
2017-12-31,Tillabéri,Tera,Tera,,,,,
2017-12-31,Tillabéri,Abala,Abala,17554,,,,
2017-12-31,Tillabéri,Ouallam,Tondikiwindi,0,,,,
2017-12-31,Tillabéri,Tera,Diagourou,,,,,
2017-12-31,Tillabéri,Ouallam,Simiri,,,,,
2017-12-31,Tillabéri,Ouallam,Ouallam,,,,,
2017-12-31,Tillabéri,Tillaberi,Sakoira,0,,,,
2017-12-31,Tillabéri,Tillaberi,Tillaberi,0,,,,
2017-12-31,Tillabéri,Tera,Goroual,,,,,
2017-12-31,Tillabéri,Tillaberi,Anzourou,0,,,,
2017-12-31,Tillabéri,Tillaberi,Dessa,0,,,,
2017-12-31,Tillabéri,Ouallam,Dingazi,,,,,
2017-12-31,Tillabéri,Banibangou,Banibangou,0,,,,
2017-12-31,Tahoua,Tillia,Tillia,2400,,,,
2017-12-31,Tillabéri,Abala,Sanam,0,,,,
2017-12-31,Tillabéri,Torodi,Torodi,0,,,,
2017-12-31,Tillabéri,Ayerou,Inates,0,,,,
2017-12-31,Tillabéri,Ayerou,Ayerou,0,,,,
2018-12-31,Tillabéri,Torodi,Makalondi,0,,,,
2018-12-31,Tahoua,Tassara,Tassara,6516,,,,
2018-12-31,Tillabéri,Tera,Tera,,,,,
2018-12-31,Tillabéri,Abala,Abala,0,,,,
2018-12-31,Tillabéri,Ouallam,Tondikiwindi,3231,,,,
2018-12-31,Tillabéri,Tera,Diagourou,,,,,
2018-12-31,Tillabéri,Ouallam,Simiri,,,,,
2018-12-31,Tillabéri,Ouallam,Ouallam,,,,,
2018-12-31,Tillabéri,Tillaberi,Sakoira,257,,,,
2018-12-31,Tillabéri,Tillaberi,Tillaberi,0,,,,
2018-12-31,Tillabéri,Tera,Goroual,,,,,
2018-12-31,Tillabéri,Tillaberi,Anzourou,935,,,,
2018-12-31,Tillabéri,Tillaberi,Dessa,0,,,,
2018-12-31,Tillabéri,Ouallam,Dingazi,,,,,
2018-12-31,Tillabéri,Banibangou,Banibangou,658,,,,
2018-12-31,Tahoua,Tillia,Tillia,14186,,,,
2018-12-31,Tillabéri,Abala,Sanam,8918,,,,
2018-12-31,Tillabéri,Torodi,Torodi,0,,,,
2018-12-31,Tillabéri,Ayerou,Inates,0,,,,
2018-12-31,Tillabéri,Ayerou,Ayerou,0,,,,
2019-12-31,Tillabéri,Torodi,Makalondi,600,,,,
2019-12-31,Tahoua,Tassara,Tassara,0,,,,
2019-12-31,Tillabéri,Tera,Tera,,,,,
2019-12-31,Tillabéri,Abala,Abala,0,,,,
2019-12-31,Tillabéri,Ouallam,Tondikiwindi,0,,,,
2019-12-31,Tillabéri,Tera,Diagourou,115,,,,
2019-12-31,Tillabéri,Ouallam,Simiri,0,,,,
2019-12-31,Tillabéri,Ouallam,Ouallam,,,,,
2019-12-31,Tillabéri,Tillaberi,Sakoira,0,,,,
2019-12-31,Tillabéri,Tillaberi,Tillaberi,1461,,,,
2019-12-31,Tillabéri,Tera,Goroual,644,,,,
2019-12-31,Tillabéri,Tillaberi,Anzourou,0,,,,
2019-12-31,Tillabéri,Tillaberi,Dessa,573,,,,
2019-12-31,Tillabéri,Ouallam,Dingazi,,,,,
2019-12-31,Tillabéri,Banibangou,Banibangou,6188,,,,
2019-12-31,Tahoua,Tillia,Tillia,2051,,,,
2019-12-31,Tillabéri,Abala,Sanam,0,,,,
2019-12-31,Tillabéri,Torodi,Torodi,877,,,,
2019-12-31,Tillabéri,Ayerou,Inates,31090,,,,
2019-12-31,Tillabéri,Ayerou,Ayerou,6311,,,,
2023-04-30,Diffa,Nguigmi,Kabalewa,649,0,0,350,0
2023-04-30,Diffa,Nguigmi,Kabalewa,800,0,0,140,0
2023-04-30,Diffa,Nguigmi,Kabalewa,288,0,0,35,0
2023-04-30,Diffa,Nguigmi,Kabalewa,1600,0,0,70,0
2023-04-30,Diffa,Nguigmi,Kabalewa,4800,2880,0,5600,0
2023-04-30,Diffa,Nguigmi,Kabalewa,640,0,0,0,0
2023-04-30,Diffa,Nguigmi,Kabalewa,640,0,0,0,0
2023-04-30,Diffa,Nguigmi,Kabalewa,640,0,0,0,0
2023-04-30,Diffa,Nguigmi,Kabalewa,320,0,0,0,0
2023-04-30,Diffa,Nguigmi,Kabalewa,160,32,70,70,0
2023-04-30,Diffa,Nguigmi,Nguigmi,640,0,0,140,0
2023-04-30,Diffa,Nguigmi,Nguigmi,320,160,70,70,0
2023-04-30,Diffa,Nguigmi,Nguigmi,640,0,0,70,0
2023-04-30,Diffa,Nguigmi,Nguigmi,640,0,0,70,0
2023-04-30,Diffa,Nguigmi,Nguigmi,480,0,0,0,0
2023-04-30,Diffa,Nguigmi,Nguigmi,384,0,0,0,0
2023-04-30,Diffa,Nguigmi,Nguigmi,320,32,0,0,0
2023-04-30,Diffa,Nguigmi,Nguigmi,320,64,0,140,0
2023-04-30,Diffa,Nguigmi,Nguigmi,160,160,0,0,0
2023-04-30,Diffa,Nguigmi,Nguigmi,160,160,0,70,0
2023-04-30,Diffa,Nguigmi,Nguigmi,320,320,0,0,0
2023-04-30,Diffa,Nguigmi,Nguigmi,640,320,0,0,0
2023-04-30,Diffa,Nguigmi,Nguigmi,3200,0,0,0,0
2023-04-30,Diffa,Ngourti,Ngourti,160,64,70,70,0
2023-04-30,Diffa,Ngourti,Ngourti,160,0,0,0,0
2023-04-30,Diffa,Diffa,Chetimari,960,1920,0,0,0
2023-04-30,Diffa,Maine_Soroa,Maine_Soroa,80,112,0,0,0
2023-04-30,Diffa,Maine_Soroa,Maine_Soroa,128,74,0,0,0
2023-04-30,Diffa,Diffa,Chetimari,48,64,0,0,0
2023-04-30,Diffa,Maine_Soroa,Maine_Soroa,384,480,0,0,0
2023-04-30,Diffa,Goudoumaria,Goudoumaria,16,32,0,0,0
2023-04-30,Diffa,Goudoumaria,Goudoumaria,22,16,0,0,0
2023-04-30,Diffa,Maine_Soroa,Maine_Soroa,32,10,0,0,0
2023-04-30,Diffa,Goudoumaria,Goudoumaria,48,64,0,0,0
2023-04-30,Diffa,Goudoumaria,Goudoumaria,32,29,0,0,0
2023-04-30,Diffa,Maine_Soroa,Maine_Soroa,12,32,0,0,0
2023-04-30,Diffa,Maine_Soroa,Maine_Soroa,96,112,0,0,0
2023-04-30,Diffa,Maine_Soroa,Maine_Soroa,16,32,0,0,0
2023-04-30,Diffa,Maine_Soroa,Maine_Soroa,1120,1280,0,0,0
2023-04-30,Diffa,Maine_Soroa,Foulatari,48,10,0,0,0
2023-04-30,Diffa,Diffa,Chetimari,160,48,0,0,0
2023-04-30,Diffa,Diffa,Chetimari,332,48,0,0,0
2023-04-30,Diffa,Maine_Soroa,Maine_Soroa,16,10,0,0,0
2023-04-30,Diffa,Maine_Soroa,Maine_Soroa,112,32,0,0,0
2023-04-30,Diffa,Maine_Soroa,Maine_Soroa,128,64,0,0,0
2023-04-30,Diffa,Maine_Soroa,Maine_Soroa,192,96,0,0,0
2023-04-30,Diffa,Nguigmi,Kabalewa,128,192,100,100,0
2023-04-30,Diffa,Nguigmi,Kabalewa,320,0,0,0,0
2023-04-30,Diffa,Nguigmi,Kabalewa,960,0,0,0,0
2023-04-30,Diffa,Nguigmi,Kabalewa,960,0,0,0,0
2023-04-30,Diffa,Nguigmi,Kabalewa,384,0,0,0,0
2023-04-30,Diffa,Nguigmi,Kabalewa,960,0,0,0,0
2023-04-30,Diffa,Nguigmi,Kabalewa,1280,0,0,0,0
2023-04-30,Diffa,Nguigmi,Kabalewa,1280,320,0,0,0
2023-04-30,Diffa,Nguigmi,Nguigmi,320,0,0,0,0
2023-04-30,Diffa,Nguigmi,Nguigmi,128,0,0,0,0
2023-04-30,Diffa,Nguigmi,Nguigmi,512,0,0,0,0
2023-04-30,Diffa,Nguigmi,Nguigmi,800,0,0,0,0
2023-04-30,Diffa,Nguigmi,Nguigmi,160,0,0,0,0
2023-04-30,Diffa,Nguigmi,Nguigmi,480,0,0,0,0
2023-04-30,Diffa,Nguigmi,Nguigmi,160,0,0,0,0
2023-04-30,Diffa,Nguigmi,Nguigmi,176,0,0,0,0
2023-04-30,Diffa,Nguigmi,Nguigmi,3200,0,0,0,0
2023-04-30,Diffa,Nguigmi,Nguigmi,960,0,0,0,0
2023-04-30,Diffa,Nguigmi,Kabalewa,320,0,0,0,0
2023-04-30,Diffa,Nguigmi,Kabalewa,320,0,0,0,0
2023-04-30,Diffa,Nguigmi,Nguigmi,825,0,0,0,0
2023-04-30,Diffa,Nguigmi,Nguigmi,480,0,0,0,0
2023-04-30,Diffa,Nguigmi,Nguigmi,160,0,0,0,0
2023-04-30,Diffa,Ngourti,Ngourti,0,224,0,0,0
2023-04-30,Diffa,Ngourti,Ngourti,0,160,0,0,0
2023-04-30,Diffa,Nguigmi,Kabalewa,2560,0,0,0,0
2023-04-30,Diffa,Nguigmi,Kabalewa,320,0,8,0,0
2023-04-30,Diffa,Nguigmi,Kabalewa,480,0,0,0,0
2023-04-30,Diffa,Nguigmi,Kabalewa,480,64,70,49,0
2023-04-30,Diffa,Nguigmi,Kabalewa,544,0,0,140,0
2023-04-30,Diffa,Nguigmi,Kabalewa,640,320,0,300,0
2023-04-30,Diffa,Goudoumaria,Goudoumaria,960,160,0,0,0
2023-04-30,Diffa,Goudoumaria,Goudoumaria,224,320,0,0,0
2023-04-30,Diffa,Goudoumaria,Goudoumaria,185,403,0,0,0
2023-04-30,Diffa,Goudoumaria,Goudoumaria,128,32,0,0,0
2023-04-30,Diffa,Goudoumaria,Goudoumaria,29,16,0,0,0
2023-04-30,Diffa,Maine_Soroa,Maine_Soroa,16,22,0,0,0
2023-04-30,Diffa,Maine_Soroa,Maine_Soroa,32,16,0,0,0
2023-04-30,Diffa,Goudoumaria,Goudoumaria,128,32,0,0,0
2023-04-30,Diffa,Maine_Soroa,Maine_Soroa,48,128,0,0,0
2023-04-30,Diffa,Maine_Soroa,Maine_Soroa,64,48,0,0,0
2023-04-30,Diffa,Maine_Soroa,Maine_Soroa,16,10,0,0,0
2023-04-30,Diffa,Maine_Soroa,Maine_Soroa,32,48,0,0,0
2023-04-30,Diffa,Maine_Soroa,Maine_Soroa,16,32,0,0,0
2023-04-30,Diffa,Maine_Soroa,Maine_Soroa,128,32,0,0,0
2023-04-30,Diffa,Maine_Soroa,Maine_Soroa,160,80,0,0,0
2023-04-30,Diffa,Maine_Soroa,Maine_Soroa,320,32,0,0,0
2023-04-30,Diffa,Maine_Soroa,Maine_Soroa,64,32,0,0,0
2023-04-30,Diffa,Maine_Soroa,Maine_Soroa,256,160,0,0,0
2023-04-30,Diffa,Maine_Soroa,Maine_Soroa,25,16,0,0,0
2023-04-30,Diffa,Diffa,Chetimari,128,96,0,0,0
2023-04-30,Diffa,Diffa,Chetimari,320,64,0,0,0
2023-04-30,Diffa,Diffa,Chetimari,304,32,0,0,0
2023-04-30,Diffa,Diffa,Chetimari,160,16,0,0,0
2023-04-30,Diffa,Maine_Soroa,Maine_Soroa,128,96,0,0,0
2023-04-30,Diffa,Maine_Soroa,Maine_Soroa,32,16,0,0,0
2023-04-30,Diffa,Diffa,Chetimari,800,160,0,0,0
2023-04-30,Diffa,Maine_Soroa,Maine_Soroa,640,256,0,0,0
2023-04-30,Diffa,Diffa,Chetimari,300,16,0,0,0
2023-04-30,Diffa,Diffa,Diffa,1600,0,0,258,0
2023-04-30,Diffa,Diffa,Diffa,480,0,0,250,0
2023-04-30,Diffa,Diffa,Diffa,800,0,0,60,0
2023-04-30,Diffa,Diffa,Diffa,640,160,0,500,0
2023-04-30,Diffa,Diffa,Diffa,640,0,0,1250,0
2023-04-30,Diffa,Diffa,Diffa,800,160,900,1500,0
2023-04-30,Diffa,Diffa,Diffa,960,0,0,200,0
2023-04-30,Diffa,Diffa,Diffa,1280,0,0,340,0
2023-04-30,Diffa,Diffa,Diffa,320,0,0,80,0
2023-04-30,Diffa,Diffa,Diffa,1257,0,0,0,0
2023-04-30,Diffa,Diffa,Chetimari,480,80,0,0,0
2023-04-30,Diffa,Nguigmi,Nguigmi,640,0,0,0,0
2023-04-30,Diffa,Nguigmi,Nguigmi,640,0,0,0,0
2023-04-30,Diffa,Diffa,Diffa,640,0,0,560,0
2023-04-30,Diffa,Diffa,Diffa,480,0,0,0,0
2023-04-30,Diffa,Diffa,Gueskerou,736,0,0,0,0
2023-04-30,Diffa,Diffa,Diffa,544,0,0,700,0
2023-04-30,Diffa,Diffa,Diffa,224,0,0,0,0
2023-04-30,Diffa,Nguigmi,Nguigmi,160,0,0,0,0
2023-04-30,Diffa,Diffa,Chetimari,307,134,0,0,0
2023-04-30,Diffa,Maine_Soroa,Maine_Soroa,96,64,0,0,0
2023-04-30,Diffa,Maine_Soroa,Maine_Soroa,22,64,0,0,0
2023-04-30,Diffa,Diffa,Chetimari,80,10,0,0,0
2023-04-30,Diffa,Diffa,Chetimari,201,112,0,0,0
2023-04-30,Diffa,Diffa,Chetimari,160,32,0,0,0
2023-04-30,Diffa,Diffa,Chetimari,656,102,0,0,0
2023-04-30,Diffa,Diffa,Chetimari,160,64,0,0,0
2023-04-30,Diffa,Diffa,Chetimari,128,58,0,0,0
2023-04-30,Diffa,Nguigmi,Kabalewa,320,64,0,0,0
2023-04-30,Diffa,Nguigmi,Nguigmi,361,128,0,2304,0
2023-04-30,Diffa,Nguigmi,Nguigmi,160,128,0,280,0
2023-04-30,Diffa,Diffa,Chetimari,640,128,0,0,0
2023-04-30,Diffa,Diffa,Chetimari,640,0,0,0,0
2023-04-30,Diffa,Diffa,Chetimari,80,160,0,0,0
2023-04-30,Diffa,Bosso,Toumour,169,0,0,0,0
2023-04-30,Diffa,Bosso,Toumour,128,0,0,0,0
2023-04-30,Diffa,Diffa,Diffa,480,640,0,500,0
2023-04-30,Diffa,Diffa,Diffa,800,0,0,1100,0
2023-04-30,Diffa,Diffa,Diffa,960,0,300,3500,0
2023-04-30,Diffa,Bosso,Toumour,576,0,0,250,0
2023-04-30,Diffa,Bosso,Toumour,736,0,0,0,0
2023-04-30,Diffa,Bosso,Toumour,480,0,0,50,0
2023-04-30,Diffa,Bosso,Toumour,64,0,0,250,0
2023-04-30,Diffa,Bosso,Bosso,1600,0,0,50,0
2023-04-30,Diffa,Maine_Soroa,Foulatari,480,160,0,0,0
2023-04-30,Diffa,Diffa,Chetimari,256,320,0,0,0
2023-04-30,Diffa,Diffa,Chetimari,1939,10,0,0,0
2023-04-30,Diffa,Diffa,Chetimari,128,0,0,0,0
2023-04-30,Diffa,Maine_Soroa,Maine_Soroa,160,32,0,0,0
2023-04-30,Diffa,Maine_Soroa,Maine_Soroa,128,35,0,0,0
2023-04-30,Diffa,Maine_Soroa,Maine_Soroa,912,48,0,0,0
2023-04-30,Diffa,Maine_Soroa,Maine_Soroa,448,64,0,0,0
2023-04-30,Diffa,Maine_Soroa,Maine_Soroa,272,224,0,0,0
2023-04-30,Diffa,Maine_Soroa,Maine_Soroa,192,128,0,0,0
2023-04-30,Diffa,Maine_Soroa,Maine_Soroa,272,176,0,0,0
2023-04-30,Diffa,Maine_Soroa,Maine_Soroa,64,16,0,0,0
2023-04-30,Diffa,Maine_Soroa,Maine_Soroa,32,32,0,0,0
2023-04-30,Diffa,Maine_Soroa,Maine_Soroa,64,80,525,0,0
2023-04-30,Diffa,Maine_Soroa,Maine_Soroa,153,864,245,1120,0
2023-04-30,Diffa,Maine_Soroa,Maine_Soroa,352,0,0,0,0
2023-04-30,Diffa,Diffa,Gueskerou,1920,0,140,0,0
2023-04-30,Diffa,Diffa,Gueskerou,960,0,350,0,0
2023-04-30,Diffa,Diffa,Gueskerou,0,96,0,0,0
2023-04-30,Diffa,Diffa,Gueskerou,0,1280,0,0,0
2023-04-30,Diffa,Diffa,Gueskerou,0,1600,0,0,0
2023-04-30,Diffa,Diffa,Gueskerou,320,0,0,0,0
2023-04-30,Diffa,Diffa,Gueskerou,1600,0,280,0,0
2023-04-30,Diffa,Diffa,Gueskerou,192,0,0,0,0
2023-04-30,Diffa,Diffa,Gueskerou,480,0,70,0,0
2023-04-30,Diffa,Bosso,Toumour,1920,0,2100,0,0
2023-04-30,Diffa,Bosso,Toumour,960,0,210,0,0
2023-04-30,Diffa,Bosso,Toumour,1600,0,350,0,0
2023-04-30,Diffa,Bosso,Toumour,800,0,210,0,0
2023-04-30,Diffa,Bosso,Toumour,320,0,210,0,0
2023-04-30,Diffa,Bosso,Toumour,640,0,0,0,0
2023-04-30,Diffa,Bosso,Toumour,416,0,140,0,0
2023-04-30,Diffa,Bosso,Toumour,640,0,210,0,0
2023-04-30,Diffa,Bosso,Toumour,96,0,140,0,0
2023-04-30,Diffa,Bosso,Toumour,480,0,0,0,0
2023-04-30,Diffa,Bosso,Toumour,64,0,70,0,0
2023-04-30,Diffa,Bosso,Toumour,64,0,0,0,0
2023-04-30,Diffa,Bosso,Toumour,0,0,,,
2023-04-30,Diffa,Diffa,Diffa,320,0,280,0,0
2023-04-30,Diffa,Diffa,Diffa,96,0,70,0,0
2023-04-30,Diffa,Diffa,Diffa,640,0,140,0,0
2023-04-30,Diffa,Diffa,Gueskerou,800,0,210,0,0
2023-04-30,Diffa,Diffa,Gueskerou,556,0,70,0,0
2023-04-30,Diffa,Diffa,Diffa,352,0,350,0,0
2023-04-30,Diffa,Diffa,Diffa,448,0,70,0,0
2023-04-30,Diffa,Diffa,Diffa,128,0,140,0,0
2023-04-30,Diffa,Diffa,Diffa,1600,0,2100,0,0
2023-04-30,Diffa,Diffa,Diffa,960,0,700,0,0
2023-04-30,Diffa,Diffa,Diffa,960,0,350,0,0
2023-04-30,Diffa,Diffa,Diffa,640,0,210,0,0
2023-04-30,Diffa,Diffa,Diffa,640,0,210,0,0
2023-04-30,Diffa,Diffa,Gueskerou,3200,0,700,0,0
2023-04-30,Diffa,Diffa,Gueskerou,640,0,70,0,0
2023-04-30,Diffa,Diffa,Gueskerou,2848,0,140,0,0
2023-04-30,Diffa,Diffa,Gueskerou,1120,0,210,0,0
2023-04-30,Diffa,Diffa,Gueskerou,2080,0,315,0,0
2023-04-30,Diffa,Diffa,Diffa,480,0,140,0,0
2023-04-30,Diffa,Diffa,Gueskerou,656,0,140,0,0
2023-04-30,Diffa,Diffa,Diffa,1600,0,350,0,0
2023-04-30,Diffa,Diffa,Gueskerou,640,0,70,0,0
2023-04-30,Diffa,Diffa,Diffa,640,0,1050,0,0
2023-04-30,Diffa,Diffa,Gueskerou,1120,0,70,0,0
2023-04-30,Diffa,Diffa,Gueskerou,480,0,140,0,0
2023-04-30,Diffa,Diffa,Gueskerou,480,0,140,0,0
2023-04-30,Diffa,Diffa,Gueskerou,480,0,0,0,0
2023-04-30,Diffa,Diffa,Diffa,960,0,0,0,0
2023-04-30,Diffa,Diffa,Diffa,800,0,700,0,0
2023-04-30,Diffa,Diffa,Diffa,880,0,245,0,0
2023-04-30,Diffa,Diffa,Gueskerou,2400,0,350,0,0
2023-04-30,Diffa,Diffa,Gueskerou,2240,0,1050,0,0
2023-04-30,Diffa,Diffa,Diffa,320,0,70,0,0
2023-04-30,Diffa,Diffa,Diffa,800,0,490,0,0
2023-04-30,Diffa,Bosso,Bosso,112,0,0,0,0
2023-04-30,Diffa,Bosso,Bosso,803,0,0,0,0
2023-04-30,Diffa,Bosso,Bosso,480,0,0,0,0
2023-04-30,Diffa,Bosso,Bosso,96,0,0,0,0
2023-04-30,Diffa,Bosso,Bosso,384,0,105,0,0
2023-04-30,Diffa,Bosso,Bosso,64,0,140,0,0
2023-04-30,Diffa,Bosso,Bosso,960,0,700,0,0
2023-04-30,Diffa,Bosso,Bosso,96,0,105,0,0
2023-04-30,Diffa,Bosso,Bosso,1600,0,3500,0,0
2023-04-30,Diffa,Diffa,Diffa,96,0,210,0,0
2023-04-30,Diffa,Bosso,Bosso,96,0,0,0,0
2023-04-30,Diffa,Bosso,Bosso,320,0,0,0,0
2023-04-30,Diffa,Bosso,Bosso,320,3200,700,0,0
2023-04-30,Diffa,Diffa,Gueskerou,960,0,350,0,0
2023-04-30,Diffa,Diffa,Gueskerou,320,0,140,0,0
2023-04-30,Diffa,Diffa,Diffa,480,0,210,0,0
2023-04-30,Diffa,Diffa,Diffa,1280,0,210,0,0
2023-04-30,Diffa,Diffa,Diffa,937,0,350,0,0
2023-04-30,Diffa,Diffa,Diffa,288,0,140,0,0
2023-04-30,Diffa,Diffa,Diffa,960,0,350,0,0
2023-04-30,Diffa,Diffa,Diffa,960,0,1400,0,0
2023-04-30,Diffa,Diffa,Diffa,384,0,105,0,0
2023-04-30,Diffa,Diffa,Gueskerou,198,0,0,0,0
2023-04-30,Diffa,Diffa,Gueskerou,960,0,0,0,0
2023-04-30,Diffa,Diffa,Gueskerou,10,0,0,0,0
2023-04-30,Diffa,Diffa,Gueskerou,16000,0,2100,0,0
2023-04-30,Diffa,Bosso,Bosso,1600,640,0,1600,0
2023-04-30,Diffa,Bosso,Toumour,64,0,0,0,0
2023-04-30,Diffa,Diffa,Diffa,736,0,0,0,0
2023-04-30,Diffa,Diffa,Diffa,960,0,0,350,0
2023-04-30,Diffa,Diffa,Diffa,640,0,0,400,0
2023-04-30,Diffa,Diffa,Diffa,640,0,0,200,0
2023-04-30,Diffa,Diffa,Diffa,800,0,0,0,0
2023-04-30,Diffa,Diffa,Diffa,0,0,0,640,0
2023-04-30,Diffa,Diffa,Diffa,320,0,0,0,0
2023-04-30,Diffa,Diffa,Diffa,640,0,0,0,0
2023-04-30,Diffa,Diffa,Diffa,320,0,0,0,0
2023-04-30,Diffa,Diffa,Diffa,320,0,210,0,0
2023-04-30,Diffa,Diffa,Diffa,96,0,0,0,0
2023-04-30,Diffa,Diffa,Diffa,640,0,0,0,0
2023-04-30,Diffa,Diffa,Gueskerou,0,320,70,0,0
2023-04-30,Diffa,Diffa,Chetimari,160,0,70,0,0
2023-04-30,Diffa,Diffa,Chetimari,96,0,0,0,0
2023-04-30,Diffa,Diffa,Diffa,0,0,0,5241,0
2023-04-30,Diffa,Diffa,Diffa,0,0,0,1750,0
2023-04-30,Diffa,Diffa,Diffa,320,0,0,0,0
2023-04-30,Diffa,Diffa,Chetimari,96,0,0,0,0
2023-04-30,Diffa,Diffa,Chetimari,320,0,0,0,0
2023-04-30,Diffa,Diffa,Gueskerou,96,0,0,0,0
2023-04-30,Diffa,Diffa,Chetimari,224,90,0,0,0
2023-04-30,Diffa,Diffa,Chetimari,288,22,0,0,0
2023-04-30,Diffa,Diffa,Chetimari,128,80,0,0,0
2023-04-30,Diffa,Diffa,Chetimari,89,96,0,0,0
2023-04-30,Diffa,Diffa,Chetimari,96,64,0,0,0
2023-04-30,Diffa,Diffa,Diffa,160,38,0,0,0
2023-04-30,Diffa,Maine_Soroa,Maine_Soroa,32,22,0,0,0
2023-04-30,Diffa,Diffa,Diffa,2240,0,0,0,0
2023-04-30,Diffa,Diffa,Diffa,1760,0,0,0,0
2023-04-30,Diffa,Diffa,Diffa,896,0,0,0,0
2023-04-30,Diffa,Maine_Soroa,Maine_Soroa,64,32,0,0,0
2023-04-30,Diffa,Maine_Soroa,Maine_Soroa,54,32,0,0,0
2023-04-30,Maradi,Madarounfa,Madarounfa,135,45,35,35,0
2023-04-30,Maradi,Madarounfa,Madarounfa,45,18,21,525,0
2023-04-30,Maradi,Madarounfa,Madarounfa,23,0,140,210,0
2023-04-30,Maradi,Madarounfa,Madarounfa,32,0,0,32,0
2023-04-30,Maradi,Madarounfa,Madarounfa,45,0,0,1890,0
2023-04-30,Maradi,Madarounfa,Madarounfa,216,50,0,70,70
2023-04-30,Maradi,Madarounfa,Madarounfa,68,45,0,0,0
2023-04-30,Maradi,Madarounfa,Gabi,23,0,49,700,0
2023-04-30,Maradi,Madarounfa,Gabi,18,225,7,0,0
2023-04-30,Maradi,Madarounfa,Sarkin_Yamma,342,0,0,0,0
2023-04-30,Maradi,Madarounfa,Sarkin_Yamma,144,0,0,0,0
2023-04-30,Maradi,Madarounfa,Gabi,113,9000,0,574,0
2023-04-30,Maradi,Madarounfa,Gabi,450,90,0,490,0
2023-04-30,Maradi,Madarounfa,Gabi,41,0,126,42,0
2023-04-30,Maradi,Madarounfa,Sarkin_Yamma,45,810,0,0,0
2023-04-30,Maradi,Madarounfa,Sarkin_Yamma,621,9,0,0,0
2023-04-30,Maradi,Madarounfa,Sarkin_Yamma,54,0,0,4,0
2023-04-30,Maradi,Madarounfa,Gabi,194,0,0,210,0
2023-04-30,Maradi,Madarounfa,Gabi,68,45,0,154,0
2023-04-30,Maradi,Madarounfa,Gabi,149,0,175,0,0
2023-04-30,Maradi,Madarounfa,Gabi,99,54,91,1736,0
2023-04-30,Maradi,Madarounfa,Gabi,113,0,0,147,0
2023-04-30,Maradi,Madarounfa,Gabi,131,9,7,0,0
2023-04-30,Maradi,Madarounfa,Gabi,77,32,21,140,0
2023-04-30,Maradi,Madarounfa,Safo,225,68,0,0,0
2023-04-30,Maradi,Madarounfa,Sarkin_Yamma,135,23,0,0,0
2023-04-30,Maradi,Madarounfa,Sarkin_Yamma,9,0,0,0,0
2023-04-30,Maradi,Madarounfa,Safo,230,95,0,140,0
2023-04-30,Maradi,Madarounfa,Gabi,54,0,49,0,0
2023-04-30,Maradi,Madarounfa,Gabi,675,450,0,350,0
2023-04-30,Maradi,Madarounfa,Gabi,0,135,105,105,0
2023-04-30,Maradi,Madarounfa,Gabi,900,0,0,1400,0
2023-04-30,Maradi,Madarounfa,Gabi,59,99,15,0,0
2023-04-30,Maradi,Madarounfa,Gabi,450,0,280,70,0
2023-04-30,Maradi,Madarounfa,Gabi,72,0,35,42,0
2023-04-30,Maradi,Madarounfa,Gabi,59,144,0,1400,0
2023-04-30,Maradi,Madarounfa,Gabi,90,225,0,140,0
2023-04-30,Maradi,Madarounfa,Gabi,27,36,0,84,0
2023-04-30,Maradi,Madarounfa,Dan_Issa,9,36,0,70,0
2023-04-30,Maradi,Guidan_Roumdji,Guidan_Sori,77,45,0,189,0
2023-04-30,Maradi,Madarounfa,Dan_Issa,360,135,126,35,0
2023-04-30,Maradi,Guidan_Roumdji,Guidan_Roumdji,207,153,189,189,0
2023-04-30,Maradi,Guidan_Roumdji,Tibiri,540,135,0,700,0
2023-04-30,Maradi,Guidan_Roumdji,Tibiri,41,0,0,7,0
2023-04-30,Maradi,Madarounfa,Gabi,45,0,0,0,0
2023-04-30,Maradi,Madarounfa,Madarounfa,32,0,0,0,0
2023-04-30,Maradi,Guidan_Roumdji,Tibiri,158,0,0,2100,0
2023-04-30,Maradi,Guidan_Roumdji,Tibiri,549,0,0,4043,0
2023-04-30,Maradi,Guidan_Roumdji,Tibiri,36,0,0,70,0
2023-04-30,Maradi,Madarounfa,Gabi,0,0,308,0,0
2023-04-30,Maradi,Madarounfa,Safo,225,360,0,0,0
2023-04-30,Maradi,Guidan_Roumdji,Guidan_Sori,23,0,28,70,0
2023-04-30,Maradi,Guidan_Roumdji,Tibiri,770,225,70,301,0
2023-04-30,Maradi,Guidan_Roumdji,Tibiri,225,135,700,560,0
2023-04-30,Maradi,Guidan_Roumdji,Guidan_Sori,14,0,0,0,0
2023-04-30,Maradi,Guidan_Roumdji,Tibiri,198,0,0,0,0
2023-04-30,Maradi,Madarounfa,Safo,45,0,0,0,0
2023-04-30,Maradi,Guidan_Roumdji,Guidan_Roumdji,194,0,42,357,0
2023-04-30,Maradi,Guidan_Roumdji,Guidan_Sori,45,0,15,0,0
2023-04-30,Maradi,Madarounfa,Dan_Issa,27,0,0,70,0
2023-04-30,Maradi,Guidan_Roumdji,Tibiri,135,0,35,21,0
2023-04-30,Maradi,Madarounfa,Dan_Issa,27,23,0,161,0
2023-04-30,Maradi,Guidan_Roumdji,Tibiri,14,0,14,28,0
2023-04-30,Maradi,Guidan_Roumdji,Guidan_Roumdji,450,0,0,1050,0
2023-04-30,Maradi,Guidan_Roumdji,Guidan_Roumdji,149,0,42,511,0
2023-04-30,Maradi,Guidan_Roumdji,Guidan_Roumdji,270,0,119,1400,0
2023-04-30,Maradi,Guidan_Roumdji,Guidan_Roumdji,248,0,100,120,0
2023-04-30,Maradi,Guidan_Roumdji,Guidan_Roumdji,18,0,21,14,0
2023-04-30,Maradi,Guidan_Roumdji,Guidan_Roumdji,68,0,0,21,0
2023-04-30,Maradi,Guidan_Roumdji,Guidan_Roumdji,180,225,210,210,0
2023-04-30,Maradi,Guidan_Roumdji,Guidan_Roumdji,491,383,686,252,0
2023-04-30,Maradi,Guidan_Roumdji,Tibiri,18,0,0,0,0
2023-04-30,Maradi,Guidan_Roumdji,Tibiri,675,0,0,0,0
2023-04-30,Maradi,Guidan_Roumdji,Guidan_Roumdji,225,0,0,406,0
2023-04-30,Maradi,Madarounfa,Sarkin_Yamma,153,0,0,0,0
2023-04-30,Maradi,Madarounfa,Gabi,54,360,0,0,0
2023-04-30,Maradi,Madarounfa,Gabi,203,90,140,140,0
2023-04-30,Maradi,Guidan_Roumdji,Tibiri,36,0,0,49,0
2023-04-30,Maradi,Guidan_Roumdji,Guidan_Roumdji,450,1350,0,990,0
2023-04-30,Maradi,Guidan_Roumdji,Guidan_Sori,90,0,35,140,0
2023-04-30,Maradi,Guidan_Roumdji,Tibiri,108,0,105,294,0
2023-04-30,Maradi,Guidan_Roumdji,Tibiri,90,0,70,210,0
2023-04-30,Maradi,Guidan_Roumdji,Guidan_Roumdji,131,158,392,1218,0
2023-04-30,Maradi,Guidan_Roumdji,Guidan_Roumdji,45,0,140,2100,0
2023-04-30,Maradi,Guidan_Roumdji,Guidan_Roumdji,45,32,70,420,0
2023-04-30,Maradi,Guidan_Roumdji,Guidan_Roumdji,0,0,0,56,0
2023-04-30,Maradi,Guidan_Roumdji,Guidan_Roumdji,0,0,42,0,0
2023-04-30,Maradi,Guidan_Roumdji,Guidan_Roumdji,185,0,0,350,0
2023-04-30,Maradi,Madarounfa,Gabi,32,27,0,70,0
2023-04-30,Maradi,Guidan_Roumdji,Tibiri,450,0,0,0,0
2023-04-30,Maradi,Guidan_Roumdji,Tibiri,45,41,0,0,0
2023-04-30,Maradi,Guidan_Roumdji,Tibiri,135,900,0,0,0
2023-04-30,Maradi,Guidan_Roumdji,Guidan_Roumdji,0,0,0,175,0
2023-04-30,Maradi,Guidan_Roumdji,Guidan_Roumdji,54,0,0,99,0
2023-04-30,Maradi,Madarounfa,Madarounfa,0,0,0,80,0
2023-04-30,Maradi,Madarounfa,Safo,621,0,0,9,0
2023-04-30,Maradi,Guidan_Roumdji,Guidan_Roumdji,32,0,140,105,0
2023-04-30,Maradi,Guidan_Roumdji,Guidan_Roumdji,54,0,91,259,0
2023-04-30,Maradi,Madarounfa,Gabi,14,0,0,0,0
2023-04-30,Maradi,Guidan_Roumdji,Tibiri,41,0,0,42,0
2023-04-30,Maradi,Guidan_Roumdji,Tibiri,203,0,0,0,0
2023-04-30,Maradi,Guidan_Roumdji,Guidan_Roumdji,783,0,0,889,0
2023-04-30,Maradi,Guidan_Roumdji,Guidan_Roumdji,90,0,0,175,0
2023-04-30,Maradi,Guidan_Roumdji,Guidan_Roumdji,149,0,0,602,0
2023-04-30,Maradi,Madarounfa,Safo,45,18,0,35,0
2023-04-30,Maradi,Madarounfa,Gabi,23,0,0,70,0
2023-04-30,Maradi,Madarounfa,Gabi,203,675,40,120,0
2023-04-30,Maradi,Madarounfa,Gabi,68,0,0,0,0
2023-04-30,Maradi,Madarounfa,Gabi,0,900,105,0,0
2023-04-30,Maradi,Guidan_Roumdji,Guidan_Sori,86,0,0,983,0
2023-04-30,Maradi,Guidan_Roumdji,Guidan_Sori,392,0,0,1337,0
2023-04-30,Tillabéry,Ouallam,Ouallam,6000,0,0,0,0
2023-04-30,Tillabéry,Banibangou,Banibangou,200,0,0,0,0
2023-04-30,Tillabéry,Banibangou,Banibangou,915,0,0,0,0
2023-04-30,Tillabéry,Banibangou,Banibangou,233,0,0,0,0
2023-04-30,Tillabéry,Ouallam,Tondikiwindi,2800,0,0,0,0
2023-04-30,Tillabéry,Banibangou,Banibangou,1600,0,0,0,0
2023-04-30,Tillabéry,Ouallam,Tondikiwindi,441,0,0,0,0
2023-04-30,Tillabéry,Banibangou,Banibangou,168,0,0,0,0
2023-04-30,Tillabéry,Banibangou,Banibangou,4001,0,0,0,0
2023-04-30,Tillabéry,Tera,Tera,2606,0,0,0,0
2023-04-30,Tillabéry,Tera,Tera,4935,0,0,0,0
2023-04-30,Tillabéry,Gotheye,Gotheye,1107,0,10,0,0
2023-04-30,Tillabéry,Abala,Abala,310,0,0,0,0
2023-04-30,Tillabéry,Abala,Abala,250,0,0,0,0
2023-04-30,Tillabéry,Abala,Abala,133,0,0,0,0
2023-04-30,Tillabéry,Abala,Abala,60,0,0,0,0
2023-04-30,Tillabéry,Abala,Abala,410,0,0,0,0
2023-04-30,Tillabéry,Abala,Abala,98,0,0,0,0
2023-04-30,Tillabéry,Abala,Abala,66,0,0,0,0
2023-04-30,Tillabéry,Abala,Abala,250,0,0,0,0
2023-04-30,Tillabéry,Abala,Abala,210,0,0,0,0
2023-04-30,Tillabéry,Abala,Abala,350,0,0,0,0
2023-04-30,Tillabéry,Abala,Abala,350,0,0,0,0
2023-04-30,Tillabéry,Abala,Abala,420,0,0,0,0
2023-04-30,Tillabéry,Abala,Abala,525,0,0,0,0
2023-04-30,Tillabéry,Abala,Abala,0,0,700,0,0
2023-04-30,Tillabéry,Tillaberi,Dessa,3500,0,0,0,0
2023-04-30,Tillabéry,Tillaberi,Dessa,392,0,0,0,0
2023-04-30,Tillabéry,Tillaberi,Dessa,42,0,0,0,0
2023-04-30,Tillabéry,Tillaberi,Dessa,7000,0,0,0,0
2023-04-30,Tillabéry,Tillaberi,Dessa,980,0,0,0,0
2023-04-30,Tillabéry,Tillaberi,Dessa,700,0,0,0,0
2023-04-30,Tillabéry,Tillaberi,Dessa,1190,0,0,0,0
2023-04-30,Tillabéry,Tillaberi,Sakoira,1645,0,0,0,0
2023-04-30,Tillabéry,Tillaberi,Sakoira,875,0,0,0,0
2023-04-30,Tillabéry,Tillaberi,Dessa,1134,0,0,0,0
2023-04-30,Tillabéry,Tillaberi,Dessa,1092,0,0,0,0
2023-04-30,Tillabéry,Tillaberi,Tillaberi,2009,0,0,0,0
2023-04-30,Tillabéry,Tillaberi,Tillaberi,1610,0,0,0,0
2023-04-30,Tillabéry,Tillaberi,Dessa,700,0,0,0,0
2023-04-30,Tillabéry,Tillaberi,Tillaberi,1050,0,0,0,0
2023-04-30,Tillabéry,Tillaberi,Dessa,805,0,0,0,0
2023-04-30,Tillabéry,Tillaberi,Dessa,1120,0,0,0,0
2023-04-30,Tillabéry,Tillaberi,Dessa,1400,0,0,0,0
2023-04-30,Tillabéry,Abala,Sanam,0,0,1400,0,0
2023-04-30,Tillabéry,Abala,Abala,700,0,0,0,0
2023-04-30,Tillabéry,Tillaberi,Ayorou,789,56,0,0,0
2023-04-30,Tillabéry,Tillaberi,Ayorou,840,0,0,0,0
2023-04-30,Tillabéry,Tillaberi,Ayorou,609,0,0,0,0
2023-04-30,Tillabéry,Tillaberi,Ayorou,245,0,0,0,0
2023-04-30,Tillabéry,Tillaberi,Ayorou,210,490,0,0,0
2023-04-30,Tillabéry,Tillaberi,Ayorou,840,0,0,0,0
2023-04-30,Tillabéry,Tillaberi,Ayorou,1575,140,0,0,0
2023-04-30,Tillabéry,Tillaberi,Ayorou,1155,0,0,0,0
2023-04-30,Tillabéry,Tillaberi,Ayorou,735,0,0,0,0
2023-04-30,Tillabéry,Tillaberi,Ayorou,791,217,0,0,0
2023-04-30,Tillabéry,Gotheye,Gotheye,4131,0,0,0,0
2023-04-30,Tillabéry,Gotheye,Gotheye,1271,0,0,0,0
2023-04-30,Tillabéry,Kollo,Namaro,124,8,0,0,0
2023-04-30,Tillabéry,Kollo,Namaro,31,0,0,0,0
2023-04-30,Tillabéry,Kollo,Namaro,83,0,0,0,0
2023-04-30,Tillabéry,Kollo,Namaro,107,0,0,0,0
2023-04-30,Tillabéry,Baleyara,Tagazar,300,0,0,0,0
2023-04-30,Tillabéry,Baleyara,Tagazar,270,0,0,0,0
2023-04-30,Tillabéry,Tera,Tera,560,10,0,14,0
2023-04-30,Tillabéry,Tera,Tera,1580,0,0,2100,0
2023-04-30,Tillabéry,Tera,Tera,4061,54,0,0,0
2023-04-30,Tillabéry,Tera,Tera,1631,0,0,0,0
2023-04-30,Tillabéry,Tillaberi,Dessa,2247,0,0,0,0
2023-04-30,Tillabéry,Baleyara,Tagazar,3500,0,0,0,0
2023-04-30,Tillabéry,Torodi,Makalondi,3514,0,0,0,0
2023-04-30,Tillabéry,Torodi,Makalondi,219,0,4,0,0
2023-04-30,Tillabéry,Torodi,Makalondi,231,21,0,0,0
2023-04-30,Tillabéry,Torodi,Makalondi,293,0,0,0,0
2023-04-30,Tillabéry,Torodi,Torodi,2800,0,0,0,0
2023-04-30,Tillabéry,Kollo,Bitinkodji,100,0,0,0,0
2023-04-30,Tillabéry,Kollo,Bitinkodji,127,0,0,0,0
2023-04-30,Tillabéry,Kollo,N_Dounga,182,525,0,0,0
2023-04-30,Tillabéry,Kollo,Koure,840,0,0,0,0
2023-04-30,Tillabéry,Kollo,Koure,0,735,0,0,0
2023-04-30,Tillabéry,Kollo,Kollo,0,77,0,0,0
2023-04-30,Tillabéry,Kollo,Kollo,0,396,0,0,0
2023-04-30,Tillabéry,Kollo,Kollo,175,420,0,0,0
2023-04-30,Tillabéry,Kollo,Koure,0,1420,0,0,0
2023-04-30,Tillabéry,Kollo,Dantchiandou,0,245,0,0,0
2023-04-30,Tillabéry,Kollo,Dantchiandou,2009,315,0,0,0
2023-04-30,Tillabéry,Kollo,Dantchiandou,0,84,0,0,0
2023-04-30,Tillabéry,Kollo,Dantchiandou,6,168,0,0,0
2023-04-30,Tillabéry,Kollo,Hamdallaye,0,0,0,0,0
2023-04-30,Tillabéry,Kollo,Hamdallaye,0,0,0,0,0
2023-04-30,Tillabéry,Kollo,Kollo,266,0,0,0,0
2023-04-30,Tillabéry,Kollo,Kollo,140,0,0,0,0
2023-04-30,Tillabéry,Kollo,Kollo,375,75,0,0,0
2023-04-30,Tillabéry,Kollo,Kollo,91,182,0,0,0
2023-04-30,Tillabéry,Kollo,Kollo,91,49,0,0,0
2023-04-30,Tillabéry,Kollo,Kollo,308,0,0,0,0
2023-04-30,Tillabéry,Kollo,Kollo,140,245,0,0,0
2023-04-30,Tillabéry,Kollo,Kollo,0,151,0,0,0
2023-04-30,Tillabéry,Kollo,Kirtachi,0,147,0,0,0
2023-04-30,Tillabéry,Kollo,Kirtachi,329,21,0,0,0
2023-04-30,Tillabéry,Torodi,Torodi,35,100,0,0,0
2023-04-30,Tillabéry,Torodi,Torodi,490,210,0,0,0
2023-04-30,Tillabéry,Torodi,Torodi,387,35,0,0,0
2023-04-30,Tillabéry,Kollo,Kollo,63,217,0,0,0
2023-04-30,Tillabéry,Kollo,Libore,350,700,0,0,0
2023-04-30,Tillabéry,Kollo,Libore,7,49,0,0,0
2023-04-30,Tillabéry,Kollo,Libore,14,336,0,0,0
2023-04-30,Tillabéry,Kollo,N_Dounga,350,805,0,0,0
2023-04-30,Tillabéry,Kollo,N_Dounga,182,70,0,0,0
2023-04-30,Tillabéry,Kollo,Karma,105,0,0,0,0
2023-04-30,Tillabéry,Kollo,Karma,56,0,0,0,0
2023-04-30,Tillabéry,Kollo,Libore,280,252,0,0,0
2023-04-30,Tillabéry,Kollo,Libore,70,70,0,0,0
2023-04-30,Tillabéry,Kollo,N_Dounga,0,462,0,0,0
2023-04-30,Tillabéry,Kollo,Libore,574,735,0,0,0
2023-04-30,Tillabéry,Kollo,Youri,210,0,0,0,0
2023-04-30,Tillabéry,Kollo,Youri,0,210,0,0,0
2023-04-30,Tillabéry,Kollo,Youri,91,0,0,0,0
2023-04-30,Tillabéry,Kollo,Youri,0,280,0,0,0
2023-04-30,Tillabéry,Torodi,Makalondi,0,210,0,0,0
2023-04-30,Tillabéry,Torodi,Torodi,15484,469,0,0,0
2023-04-30,Tillabéry,Torodi,Torodi,180,100,0,0,0
2023-04-30,Tillabéry,Torodi,Makalondi,252,70,0,0,0
2023-04-30,Tillabéry,Torodi,Makalondi,293,0,0,0,0
2023-04-30,Tillabéry,Kollo,Kirtachi,350,210,0,0,0
2023-04-30,Tillabéry,Kollo,N_Dounga,550,490,0,0,0
2023-04-30,Tillabéry,Kollo,N_Dounga,756,0,0,0,0
2023-04-30,Tillabéry,Kollo,N_Dounga,1995,0,0,0,0
2023-04-30,Tillabéry,Kollo,N_Dounga,0,574,0,0,0
2023-04-30,Tillabéry,Torodi,Torodi,210,35,0,0,0
2023-04-30,Tillabéry,Torodi,Torodi,210,70,0,0,0
2023-04-30,Tillabéry,Torodi,Makalondi,525,0,0,0,0
2023-04-30,Tillabéry,Kollo,Karma,247,0,0,0,0
2023-04-30,Tillabéry,Torodi,Torodi,259,0,0,0,0
2023-04-30,Tillabéry,Banibangou,Banibangou,3000,0,0,0,0
2023-04-30,Tillabéry,Banibangou,Banibangou,213,0,0,0,0
2023-04-30,Tillabéry,Banibangou,Banibangou,380,0,0,0,0
2023-04-30,Tillabéry,Banibangou,Banibangou,215,0,0,0,0
2023-04-30,Tillabéry,Banibangou,Banibangou,107,0,0,0,0
2023-04-30,Tillabéry,Banibangou,Banibangou,144,0,0,0,0
2023-04-30,Tillabéry,Banibangou,Banibangou,150,0,0,0,0
2023-04-30,Tillabéry,Banibangou,Banibangou,87,0,0,0,0
2023-04-30,Tillabéry,Banibangou,Banibangou,310,0,0,0,0
2023-04-30,Tillabéry,Banibangou,Banibangou,245,0,0,0,0
2023-04-30,Tahoua,Madaoua,Bangui,600,360,0,0,0
2023-04-30,Tahoua,Madaoua,Bangui,42,24,0,0,0
2023-04-30,Tahoua,Madaoua,Bangui,0,180,280,0,0
2023-04-30,Tahoua,Madaoua,Bangui,228,300,0,0,0
2023-04-30,Tahoua,Madaoua,Bangui,240,300,70,0,0
2023-04-30,Tahoua,Madaoua,Bangui,240,90,140,0,0
2023-04-30,Tahoua,Madaoua,Bangui,120,180,0,0,0
2023-04-30,Tahoua,Madaoua,Bangui,120,180,385,0,0
2023-04-30,Tahoua,Madaoua,Bangui,120,240,35,0,0
2023-04-30,Tahoua,Madaoua,Bangui,120,180,56,0,0
2023-04-30,Tahoua,Birnin_Konni,Birnin_Konni,0,318,0,0,0
2023-04-30,Tahoua,Madaoua,Sabon_Guida,180,150,70,0,0
2023-04-30,Tahoua,Birnin_Konni,Birnin_Konni,180,0,560,0,0
2023-04-30,Tahoua,Madaoua,Bangui,48,60,0,0,0
2023-04-30,Tahoua,Madaoua,Bangui,1500,900,700,0,0
2023-04-30,Tahoua,Madaoua,Bangui,300,900,840,0,560
2023-04-30,Tahoua,Madaoua,Bangui,240,180,0,0,0
2023-04-30,Tahoua,Madaoua,Bangui,120,90,0,0,0
2023-04-30,Tahoua,Madaoua,Bangui,360,300,420,0,0
2023-04-30,Tahoua,Madaoua,Bangui,60,120,0,0,350
2023-04-30,Tahoua,Madaoua,Bangui,0,120,0,0,1050
2023-04-30,Tahoua,Madaoua,Bangui,300,300,0,0,0
2023-04-30,Tahoua,Madaoua,Bangui,60,90,0,0,140
2023-04-30,Tahoua,Birnin_Konni,Birnin_Konni,0,0,0,0,0
2023-04-30,Tahoua,Madaoua,Bangui,240,60,0,0,0
2023-04-30,Tahoua,Madaoua,Bangui,600,120,0,0,0
2023-04-30,Tahoua,Madaoua,Bangui,240,90,0,0,0
2023-04-30,Tahoua,Madaoua,Bangui,60,90,0,0,0
2023-04-30,Tahoua,Bagaroua,Bagaroua,120,42,0,0,0
2023-04-30,Tahoua,Bagaroua,Bagaroua,1500,300,0,0,0
2023-04-30,Tahoua,Madaoua,Bangui,240,78,0,0,0
2023-04-30,Tahoua,Madaoua,Bangui,156,42,0,0,0
2023-04-30,Tahoua,Madaoua,Bangui,210,156,0,0,0
2023-04-30,Tahoua,Madaoua,Bangui,300,150,0,0,0
2023-04-30,Tahoua,Madaoua,Bangui,360,420,280,0,385
2023-04-30,Tahoua,Madaoua,Bangui,900,300,350,0,0
2023-04-30,Tahoua,Bagaroua,Bagaroua,228,24,0,0,0
2023-04-30,Tahoua,Bagaroua,Bagaroua,408,564,420,0,0
2023-04-30,Tahoua,Bagaroua,Bagaroua,90,60,0,0,0
2023-04-30,Tahoua,Tillia,Tillia,600,0,0,0,0
2023-04-30,Tahoua,Tillia,Tillia,360,0,0,0,0
2023-04-30,Tahoua,Tillia,Tillia,900,0,0,0,1400
2023-04-30,Tahoua,Tillia,Tillia,60,0,0,0,0
2023-04-30,Tahoua,Tillia,Tillia,252,0,0,0,0
2023-04-30,Tahoua,Tillia,Tillia,6000,0,0,7000,7000
2023-04-30,Tahoua,Tchintabaraden,Tchintabaraden,4350,0,0,0,5040
2023-04-30,Tahoua,Tassara,Tassara,720,0,0,0,0
2023-04-30,Tahoua,Tchintabaraden,Tchintabaraden,0,0,0,0,0
2023-04-30,Tahoua,Tchintabaraden,Tchintabaraden,0,0,0,0,0
2023-04-30,Tahoua,Tchintabaraden,Tchintabaraden,0,0,0,0,0
2023-04-30,Tahoua,Tchintabaraden,Tchintabaraden,0,0,0,0,0
2023-04-30,Tahoua,Tassara,Tassara,900,600,350,650,65
2023-04-30,Tahoua,Tchintabaraden,Tchintabaraden,738,0,0,0,0
2023-04-30,Tahoua,Tchintabaraden,Tchintabaraden,0,0,0,0,0
2023-04-30,Tahoua,Tchintabaraden,Tchintabaraden,0,0,0,0,0
2023-04-30,Tahoua,Tchintabaraden,Tchintabaraden,0,0,56,0,0
2023-04-30,Tahoua,Tassara,Tassara,1800,0,0,0,0
2023-04-30,Tahoua,Tassara,Tassara,2884,0,0,0,0
2023-04-30,Tahoua,Tillia,Tillia,240,0,0,0,0
2023-04-30,Tahoua,Tillia,Tillia,300,0,0,0,0
2023-04-30,Tahoua,Tchintabaraden,Kao,300,0,0,0,0
2023-04-30,Tahoua,Tillia,Tillia,72,0,0,0,0
2023-04-30,Tahoua,Tillia,Tillia,480,0,0,0,0
2023-04-30,Tahoua,Tillia,Tillia,108,0,0,0,0
2023-04-30,Tahoua,Tillia,Tillia,60,0,0,0,0
2023-04-30,Tahoua,Tillia,Tillia,72,0,0,0,0
2023-04-30,Tahoua,Tillia,Tillia,180,0,0,0,0
2023-04-30,Tahoua,Tillia,Tillia,90,0,0,0,0
2023-04-30,Tahoua,Tillia,Tillia,120,0,0,0,0
2023-04-30,Tahoua,Tillia,Tillia,48,0,0,0,0
2023-04-30,Tahoua,Tillia,Tillia,480,0,0,0,0
2023-04-30,Tahoua,Tillia,Tillia,300,0,0,0,0
2023-04-30,Tahoua,Tillia,Tillia,720,0,0,700,0
2023-04-30,Tahoua,Madaoua,Bangui,420,300,0,0,0
2023-04-30,Tahoua,Madaoua,Bangui,150,600,0,0,0
2023-04-30,Tahoua,Madaoua,Bangui,120,300,420,0,0
2023-04-30,Tahoua,Madaoua,Bangui,540,300,0,0,0
2023-04-30,Tahoua,Madaoua,Bangui,120,90,140,0,0
2023-04-30,Tahoua,Madaoua,Bangui,120,42,0,0,0
2023-04-30,Tahoua,Madaoua,Bangui,120,300,105,0,0
2023-04-30,Tahoua,Birnin_Konni,Birnin_Konni,180,18,0,0,0
2023-04-30,Tahoua,Tchintabaraden,Tchintabaraden,900,0,0,0,0
2023-04-30,Tahoua,Tchintabaraden,Tchintabaraden,600,0,0,0,0
2023-04-30,Tahoua,Tchintabaraden,Tchintabaraden,600,0,0,0,0
2023-04-30,Tahoua,Tassara,Tassara,720,0,0,0,0
2023-04-30,Tahoua,Tassara,Tassara,1320,0,0,500,0
2023-04-30,Tahoua,Tchintabaraden,Tchintabaraden,0,0,0,0,0
2023-04-30,Tahoua,Madaoua,Bangui,84,150,0,0,0
2023-04-30,Tahoua,Madaoua,Bangui,60,120,0,0,0
2023-04-30,Tahoua,Madaoua,Bangui,240,240,0,0,0
2023-04-30,Tahoua,Madaoua,Bangui,90,60,0,0,0
2023-04-30,Tahoua,Madaoua,Bangui,60,30,0,0,0
2023-04-30,Tahoua,Madaoua,Bangui,60,24,0,0,0
2023-04-30,Tahoua,Madaoua,Bangui,42,36,0,0,0
